E/N(Td),E(V/m),Nr,energy,diffusion,mobility,bolsig_energy,bolsig_defussion,bolsig_mobility,l2_f0,l2_f1,g0,bolsig_g0,g2,bolsig_g2
0.004596273291925466,0.148,32,0.1063033060851129,2.2328176611779775e+25,1.2542199231886135e+26,0.1062,2.224e+25,1.251e+26,0.0020172853259161697,2.0012744334144186,1.729638354467147e-15,1.729e-15,0.0,0.0
0.004596273291925466,0.148,64,0.10633225465422297,2.233356998440696e+25,1.254274739571002e+26,0.1062,2.224e+25,1.251e+26,0.0012111650484242329,2.0012176773702604,1.7294790683013105e-15,1.729e-15,0.0,0.0
0.004596273291925466,0.148,128,0.1063327467664848,2.233370756811228e+25,1.2542780465264317e+26,0.1062,2.224e+25,1.251e+26,0.0011869133215151294,2.001226575663193,1.7294737636006883e-15,1.729e-15,0.0,0.0
0.005270902376166431,0.16972305651255906,32,0.1649891017416888,3.4832168885216357e+25,1.3964217848442934e+26,0.1649,3.474e+25,1.395e+26,0.0011625157943238678,2.000466176353035,1.3692296439556478e-15,1.37e-15,0.0,0.0
0.005270902376166431,0.16972305651255906,64,0.16503004993236908,3.4838584305355077e+25,1.3963966752261963e+26,0.1649,3.474e+25,1.395e+26,0.0003288764776332944,2.0001937448807126,1.3690960059302499e-15,1.37e-15,0.0,0.0
0.005270902376166431,0.16972305651255906,128,0.16503040890396764,3.4838680475711257e+25,1.3963981896051957e+26,0.1649,3.474e+25,1.395e+26,0.0003021111513215204,2.000196582249508,1.369092967491064e-15,1.37e-15,0.0,0.0
0.006044551769339708,0.19463456697273857,32,0.2082312521425686,4.256272906221877e+25,1.3821312136634693e+26,0.2082,4.249e+25,1.381e+26,0.0008144235339774917,2.000128190436125,1.1583081704570025e-15,1.159e-15,0.0,0.0
0.006044551769339708,0.19463456697273857,64,0.2082651554201708,4.256657266792838e+25,1.3820406039946253e+26,0.2082,4.249e+25,1.381e+26,0.0004020839131790666,1.9997953355412013,1.1582764056108696e-15,1.159e-15,0.0,0.0
0.006044551769339708,0.19463456697273857,128,0.20826524554053066,4.256661273542636e+25,1.3820400507971646e+26,0.2082,4.249e+25,1.381e+26,0.00040587915564246305,1.9997996565696765,1.1582752579118513e-15,1.159e-15,0.0,0.0
0.0069317554158157555,0.2232025243892673,32,0.23857958772877047,4.649127355717413e+25,1.2903031369573458e+26,0.2385,4.642e+25,1.29e+26,0.000612981745530104,2.0000359362159794,1.0658372919333498e-15,1.066e-15,0.0,0.0
0.0069317554158157555,0.2232025243892673,64,0.23860180623172597,4.649289846542565e+25,1.2902126213782736e+26,0.2385,4.642e+25,1.29e+26,0.00042965035920194657,1.9997915635801082,1.065864702213774e-15,1.066e-15,0.0,0.0
0.0069317554158157555,0.2232025243892673,128,0.23860177985550807,4.649291462423607e+25,1.2902119091324781e+26,0.2385,4.642e+25,1.29e+26,0.00043284513031244406,1.999795097703802,1.0658643198331965e-15,1.066e-15,0.0,0.0
0.00794918051466037,0.25596361257206385,32,0.26159816139545966,4.818279936315791e+25,1.1737729916262492e+26,0.2616,4.812e+25,1.174e+26,0.0005593308651598937,1.9999195119382975,1.044302640168535e-15,1.045e-15,0.0,0.0
0.00794918051466037,0.25596361257206385,64,0.26160961110864284,4.818326603913445e+25,1.1737124142783248e+26,0.2616,4.812e+25,1.174e+26,0.0004041545532263895,1.9998221913893672,1.0443390213829932e-15,1.045e-15,0.0,0.0
0.00794918051466037,0.25596361257206385,128,0.2616095494093902,4.8183270226482865e+25,1.1737123168435713e+26,0.2616,4.812e+25,1.174e+26,0.0004054944976164422,1.9998265107233981,1.0443388614998407e-15,1.045e-15,0.0,0.0
0.00911594063323132,0.29353328839004844,32,0.2808653345431138,4.86235828030283e+25,1.056073127826255e+26,0.2808,4.857e+25,1.056e+26,0.0005708758779293019,1.9999184322260175,1.0658301171650759e-15,1.066e-15,0.0,0.0
0.00911594063323132,0.29353328839004844,64,0.2808677414516767,4.8623636539129005e+25,1.0560490323343153e+26,0.2808,4.857e+25,1.056e+26,0.0003157812517008864,1.999953917522397,1.065843272430443e-15,1.066e-15,0.0,0.0
0.00911594063323132,0.29353328839004844,128,0.28086767249792655,4.862363867977524e+25,1.0560483916472802e+26,0.2808,4.857e+25,1.056e+26,0.0003127970366423198,1.9999575876856996,1.0658430952834922e-15,1.066e-15,0.0,0.0
0.010453954778777379,0.33661734387663156,32,0.29834685673132333,4.833131844862229e+25,9.457403886127307e+25,0.2983,4.828e+25,9.457e+25,0.0005543114213474239,1.9998706612021095,1.116714721262815e-15,1.117e-15,0.0,0.0
0.010453954778777379,0.33661734387663156,64,0.29834291920375616,4.833135233481542e+25,9.45740957912122e+25,0.2983,4.828e+25,9.457e+25,0.00023438908256942398,1.9999824843645608,1.1166936909006077e-15,1.117e-15,0.0,0.0
0.010453954778777379,0.33661734387663156,128,0.29834285138288974,4.833135342222248e+25,9.457403997023027e+25,0.2983,4.828e+25,9.457e+25,0.00023253731083163108,1.9999860704820966,1.1166934528883116e-15,1.117e-15,0.0,0.0
0.011988359173636281,0.3860251653910882,32,0.3151412073166672,4.759205319638404e+25,8.45542704879667e+25,0.3151,4.754e+25,8.455e+25,0.0005231583795635827,1.9998767762068803,1.190555969143273e-15,1.191e-15,0.0,0.0
0.011988359173636281,0.3860251653910882,64,0.3151332939466575,4.759220299863515e+25,8.455557671817964e+25,0.3151,4.754e+25,8.455e+25,0.00018059439319867329,2.000020260417582,1.1905023303371551e-15,1.191e-15,0.0,0.0
0.011988359173636281,0.3860251653910882,128,0.3151332292084207,4.759220363761558e+25,8.45555540729531e+25,0.3151,4.754e+25,8.455e+25,0.00017545680597501204,2.000023594633076,1.1905020349300286e-15,1.191e-15,0.0,0.0
0.013747979469729232,0.44268493892528116,32,0.33190631586841457,4.656687071863257e+25,7.557866080825685e+25,0.3319,4.652e+25,7.558e+25,0.0005012642501473568,1.999749170328429,1.2846701685376617e-15,1.285e-15,0.0,0.0
0.013747979469729232,0.44268493892528116,64,0.33189628594823334,4.656713883029826e+25,7.5580479755763865e+25,0.3319,4.652e+25,7.558e+25,0.00016021921386990244,1.9998975450923941,1.284591483688222e-15,1.285e-15,0.0,0.0
0.013747979469729232,0.44268493892528116,128,0.3318962242440814,4.656714002649122e+25,7.558044148307594e+25,0.3319,4.652e+25,7.558e+25,0.00015641266191266946,1.9999007441632313,1.2845911082839536e-15,1.285e-15,0.0,0.0
0.015765872273475375,0.507661087205907,32,0.34907262770734543,4.535330088567057e+25,6.75875661219018e+25,0.3491,4.531e+25,6.759e+25,0.00048390540951917684,1.9999265584142563,1.3983381529588633e-15,1.398e-15,0.0,0.0
0.015765872273475375,0.507661087205907,64,0.3490623314639553,4.5353624353795e+25,6.7589215756246855e+25,0.3491,4.531e+25,6.759e+25,0.00014499572997570117,2.000063838105927,1.3982482393389814e-15,1.398e-15,0.0,0.0
0.015765872273475375,0.507661087205907,128,0.34906227239892024,4.535362545361343e+25,6.758914999081691e+25,0.3491,4.531e+25,6.759e+25,0.00014084289498523357,2.000066785010847,1.3982478134339385e-15,1.398e-15,0.0,0.0
0.01807994615433006,0.5821742661694278,32,0.3669511692224859,4.401339195240189e+25,6.048933989173202e+25,0.3669,4.397e+25,6.049e+25,0.000431275659510663,1.9999378293364805,1.5319872618665744e-15,1.532e-15,0.0,0.0
0.01807994615433006,0.5821742661694278,64,0.36694168412768735,4.401371031338566e+25,6.049059972362004e+25,0.3669,4.397e+25,6.049e+25,0.00014236414345844927,2.0000574486588696,1.531897150418611e-15,1.532e-15,0.0,0.0
0.01807994615433006,0.5821742661694278,128,0.36694162717247436,4.401371127891703e+25,6.049056551145763e+25,0.3669,4.397e+25,6.049e+25,0.00013499319199725254,2.000060223849797,1.5318966728004478e-15,1.532e-15,0.0,0.0
0.0207336738033472,0.6676242964677798,32,0.3857880062282825,4.258960523372085e+25,5.418824924414589e+25,0.3858,4.255e+25,5.419e+25,0.0004374536767774504,1.9999495095241921,1.6867749699034873e-15,1.687e-15,0.0,0.0
0.0207336738033472,0.6676242964677798,64,0.3857799780991992,4.258987474337559e+25,5.418907139166818e+25,0.3858,4.255e+25,5.419e+25,0.00013952491424320117,2.0000505925264713,1.6866931227029568e-15,1.687e-15,0.0,0.0
0.0207336738033472,0.6676242964677798,128,0.38577992250548343,4.258987547031111e+25,5.418906205580841e+25,0.3858,4.255e+25,5.419e+25,0.0001338403385623849,2.0000532461112392,1.6866926011996635e-15,1.687e-15,0.0,0.0
0.023776908720530142,0.7656164608010705,32,0.40579502071565976,4.111153574206977e+25,4.859212950554311e+25,0.4058,4.108e+25,4.859e+25,0.0004192191744418204,1.9999975845000553,1.864382885656241e-15,1.864e-15,0.0,0.0
0.023776908720530142,0.7656164608010705,64,0.4057887496626511,4.111173516174436e+25,4.859256316130455e+25,0.4058,4.108e+25,4.859e+25,0.00014057020344778376,2.000081533379573,1.8643151359114294e-15,1.864e-15,0.0,0.0
0.023776908720530142,0.7656164608010705,128,0.4057886952125639,4.11117356208572e+25,4.859254897537486e+25,0.4058,4.108e+25,4.859e+25,0.00013709787446115543,2.0000840029086917,1.864314580235461e-15,1.864e-15,0.0,0.0
0.027266821773435777,0.8779916611046318,32,0.4271676178593592,3.960103212470751e+25,4.36172780416973e+25,0.4272,3.957e+25,4.362e+25,0.0004079592830884644,2.0000347749651484,2.0669095556374777e-15,2.067e-15,0.0,0.0
0.027266821773435777,0.8779916611046318,64,0.42716325929704124,3.960115394596671e+25,4.361740708485002e+25,0.4272,3.957e+25,4.362e+25,0.0001540483677325357,2.0001035815366106,2.066859893635549e-15,2.067e-15,0.0,0.0
0.027266821773435777,0.8779916611046318,128,0.4271632054468979,3.96011542446892e+25,4.3617419044997056e+25,0.4272,3.957e+25,4.362e+25,0.00015029929189347622,2.0001059063251145,2.066859283870566e-15,2.067e-15,0.0,0.0
0.03126897522142375,1.0068610021298448,32,0.4500963351639149,3.807478925044373e+25,3.91894381844696e+25,0.4501,3.804e+25,3.919e+25,0.0003992400458924594,2.0000283840082025,2.2968215785968482e-15,2.297e-15,0.0,0.0
0.03126897522142375,1.0068610021298448,64,0.4500936027439923,3.807484703124224e+25,3.918938815109287e+25,0.4501,3.804e+25,3.919e+25,0.0001631116934697509,2.0000856001496397,2.2967888104108646e-15,2.297e-15,0.0,0.0
0.03126897522142375,1.0068610021298448,128,0.45009354927411843,3.8074847129424265e+25,3.918939020859931e+25,0.4501,3.804e+25,3.919e+25,0.00015926847711600004,2.000087816780958,2.2967881830320357e-15,2.297e-15,0.0,0.0
0.03585855438240212,1.154645451113348,32,0.4747735038733688,3.654602303393152e+25,3.524337529404887e+25,0.4748,3.652e+25,3.524e+25,0.0003927777586045569,2.000036382068216,2.55692278579858e-15,2.557e-15,0.0,0.0
0.03585855438240212,1.154645451113348,64,0.474772147104198,3.6546030680029473e+25,3.5243224439991887e+25,0.4748,3.652e+25,3.524e+25,0.00017100350686418458,2.000084718320239,2.5569054434499037e-15,2.557e-15,0.0,0.0
0.03585855438240212,1.154645451113348,128,0.47477209370119144,3.654603067856653e+25,3.5243219398709646e+25,0.4748,3.652e+25,3.524e+25,0.00016767902123953962,2.000086753098842,2.556904772754232e-15,2.557e-15,0.0,0.0
0.04112178008042638,1.3241213185897291,32,0.5013992281156817,3.502546801012875e+25,3.172211982431608e+25,0.5014,3.5e+25,3.172e+25,0.00038690477774392507,2.0000498067844195,2.850355995784861e-15,2.85e-15,0.0,0.0
0.04112178008042638,1.3241213185897291,64,0.5013988817118653,3.5025443205834953e+25,3.1721951654931384e+25,0.5014,3.5e+25,3.172e+25,0.00019323773837992523,2.000091497742838,2.8503505611290814e-15,2.85e-15,0.0,0.0
0.04112178008042638,1.3241213185897291,128,0.5013988281573196,3.502544289163557e+25,3.172191595257997e+25,0.5014,3.5e+25,3.172e+25,0.00019087180103477533,2.000093432732035,2.8503499135984985e-15,2.85e-15,0.0,0.0
0.0471575284086975,1.5184724147600592,32,0.5301852344841843,3.3522040073782084e+25,2.857598195086911e+25,0.5302,3.35e+25,2.857e+25,0.0003996814579750915,2.0000495887020326,3.1806046403549665e-15,3.181e-15,0.0,0.0
0.0471575284086975,1.5184724147600592,64,0.5301855563431732,3.3521996663866648e+25,2.8575802472703886e+25,0.5302,3.35e+25,2.857e+25,0.0002209679644580319,2.000086444247691,3.1806076585679597e-15,3.181e-15,0.0,0.0
0.0471575284086975,1.5184724147600592,128,0.5301855024471491,3.352199639761456e+25,2.857578918102395e+25,0.5302,3.35e+25,2.857e+25,0.00021874786302205813,2.000088188031066,3.180606905099295e-15,3.181e-15,0.0,0.0
0.05407918823717549,1.7413498612370506,32,0.5613583534843036,3.204325796741303e+25,2.5761670751649983e+25,0.5614,3.202e+25,2.576e+25,0.00040632910488424433,2.000078501887202,3.551507466869369e-15,3.552e-15,0.0,0.0
0.05407918823717549,1.7413498612370506,64,0.5613590933302722,3.2043205782398333e+25,2.5761466800673064e+25,0.5614,3.202e+25,2.576e+25,0.00027001487699150834,2.000112125686772,3.551515968236494e-15,3.552e-15,0.0,0.0
0.05407918823717549,1.7413498612370506,128,0.5613590388833032,3.2043205405752078e+25,2.5761464044786785e+25,0.5614,3.202e+25,2.576e+25,0.00026752480788844825,2.000113752800467,3.5515151897130675e-15,3.552e-15,0.0,0.0
0.062016791360347684,1.9969406818031952,32,0.5951636575468864,3.0595518405963384e+25,2.324124785135448e+25,0.5952,3.057e+25,2.324e+25,0.00042026487190200546,2.000071556395287,3.967280323319298e-15,3.967e-15,0.0,0.0
0.062016791360347684,1.9969406818031952,64,0.5951645495371696,3.059546544587414e+25,2.324110367025132e+25,0.5952,3.057e+25,2.324e+25,0.00029606969066480994,2.0001021956365053,3.967291063122517e-15,3.967e-15,0.0,0.0
0.062016791360347684,1.9969406818031952,128,0.5951644944511986,3.059546498404329e+25,2.324110823709963e+25,0.5952,3.057e+25,2.324e+25,0.0002946052511882524,2.000103886475433,3.9672902378986794e-15,3.967e-15,0.0,0.0
0.0711194553025667,2.2900464607426474,32,0.6318668467411461,2.918427969470936e+25,2.098167621609634e+25,0.6319,2.916e+25,2.098e+25,0.00043373697005854,2.0000876302755715,4.432535789227655e-15,4.432e-15,0.0,0.0
0.0711194553025667,2.2900464607426474,64,0.6318677795129894,2.91842291529911e+25,2.0981574165846133e+25,0.6319,2.916e+25,2.098e+25,0.0003259861821464055,2.000116157178873,4.432547278718334e-15,4.432e-15,0.0,0.0
0.0711194553025667,2.2900464607426474,128,0.6318677235926793,2.9184228596553385e+25,2.0981576401968956e+25,0.6319,2.916e+25,2.098e+25,0.00032440128875267806,2.000117592280218,4.4325464297893636e-15,4.432e-15,0.0,0.0
0.08155818467202665,2.6261735464392575,32,0.6717569958664912,2.7814189692658398e+25,1.8953925562354757e+25,0.6718,2.78e+25,1.895e+25,0.0004441049850559212,2.000105151151435,4.952314768678722e-15,4.952e-15,0.0,0.0
0.08155818467202665,2.6261735464392575,64,0.6717578680355183,2.7814143194873286e+25,1.8953800687123812e+25,0.6718,2.78e+25,1.895e+25,0.000347196091770762,2.0001318701591555,4.952325642380891e-15,4.952e-15,0.0,0.0
0.08155818467202665,2.6261735464392575,128,0.6717578111617547,2.781414257009451e+25,1.8953794650010975e+25,0.6718,2.78e+25,1.895e+25,0.00034686105940389924,2.0001332829324867,4.9523247754319786e-15,4.952e-15,0.0,0.0
0.09352908369021694,3.011636494824985,32,0.715148607842038,2.648918560645413e+25,1.7132374799364278e+25,0.7152,2.647e+25,1.713e+25,0.0004362370813826571,2.0000817025577504,5.532117239765053e-15,5.532e-15,0.0,0.0
0.09352908369021694,3.011636494824985,64,0.7151493443271558,2.64891441335069e+25,1.713227986114939e+25,0.7152,2.647e+25,1.713e+25,0.0003447459607500066,2.0001071188024566,5.532126457793427e-15,5.532e-15,0.0,0.0
0.09352908369021694,3.011636494824985,128,0.715149286482867,2.648914352160851e+25,1.7132266983982198e+25,0.7152,2.647e+25,1.713e+25,0.00034481303009686946,2.0001083700691806,5.5321255200286785e-15,5.532e-15,0.0,0.0
0.10725704024812537,3.453676695989636,32,0.7623835396574778,2.521249325304838e+25,1.5494574989220648e+25,0.7624,2.52e+25,1.549e+25,0.0004340563139367151,2.0000779544985967,6.1779292356857315e-15,6.178e-15,0.0,0.0
0.10725704024812537,3.453676695989636,64,0.7623841391860624,2.5212456586638454e+25,1.5494493652579576e+25,0.7624,2.52e+25,1.549e+25,0.00034789110971858054,2.0001018062190683,6.177936714515935e-15,6.178e-15,0.0,0.0
0.10725704024812537,3.453676695989636,128,0.7623840802284093,2.5212455873771645e+25,1.54944889660334e+25,0.7624,2.52e+25,1.549e+25,0.00034713171438437314,2.0001030524892975,6.177935796520147e-15,6.178e-15,0.0,0.0
0.12299995069866484,3.9605984124970073,32,0.8138327454138643,2.3986766601964797e+25,1.4020610918834635e+25,0.8139,2.397e+25,1.402e+25,0.00040791730891936073,2.0000720364184765,6.8962763768839615e-15,6.896e-15,0.0,0.0
0.12299995069866484,3.9605984124970073,64,0.8138331993041623,2.398673419756871e+25,1.4020581510334765e+25,0.8139,2.397e+25,1.402e+25,0.00033225297009684194,2.0000944383161805,6.896282008399057e-15,6.896e-15,0.0,0.0
0.12299995069866484,3.9605984124970073,128,0.8138331392570617,2.398673349622415e+25,1.4020566563643579e+25,0.8139,2.397e+25,1.402e+25,0.0003314434742628628,2.000095652697546,6.896281046259144e-15,6.896e-15,0.0,0.0
0.14105356475318556,4.541924785052575,32,0.8698972992823195,2.2814050554146536e+25,1.269300777564773e+25,0.8699,2.28e+25,1.269e+25,0.00025970963023835223,2.000097125959424,7.694256712186683e-15,7.694e-15,0.0,0.0
0.14105356475318556,4.541924785052575,64,0.8698976276938959,2.2814021528502226e+25,1.2692952732391495e+25,0.8699,2.28e+25,1.269e+25,0.0002622692110079191,2.000122161244643,7.694260811302063e-15,7.694e-15,0.0,0.0
0.14105356475318556,4.541924785052575,128,0.8698975664980773,2.2814020824799834e+25,1.269295162070105e+25,0.8699,2.28e+25,1.269e+25,0.0002588065528845253,2.0001229215506036,7.694259835580236e-15,7.694e-15,0.0,0.0
0.16175704149934336,5.2085767362788555,32,0.9310089588021555,2.1695834990287294e+25,1.1496103236490638e+25,0.931,2.168e+25,1.15e+25,0.0003413088454267359,2.0001090129969032,8.579593998681894e-15,8.579e-15,0.0,0.0
0.16175704149934336,5.2085767362788555,64,0.9310091629757892,2.169580920860197e+25,1.1496060612795138e+25,0.931,2.168e+25,1.15e+25,0.00024972293264969285,2.000128668905146,8.579596574354695e-15,8.579e-15,0.0,0.0
0.16175704149934336,5.2085767362788555,128,0.9310091007977311,2.1695808531293176e+25,1.1496060492311554e+25,0.931,2.168e+25,1.15e+25,0.00024791309223035323,2.000129685151245,8.579595539332826e-15,8.579e-15,0.0,0.0
0.18549932091687446,5.973078133523357,32,0.9976296559237039,2.063307420506647e+25,1.041609261251498e+25,0.9977,2.062e+25,1.042e+25,0.0003286090590467155,2.000114748420902,9.560695706977924e-15,9.56e-15,0.0,0.0
0.18549932091687446,5.973078133523357,64,0.9976297595897565,2.0633051303169125e+25,1.04160657934971e+25,0.9977,2.062e+25,1.042e+25,0.00024506431795319944,2.0001334394930246,9.560697157170674e-15,9.56e-15,0.0,0.0
0.18549932091687446,5.973078133523357,128,0.9976296963589428,2.0633050681141192e+25,1.041606131193705e+25,0.9977,2.062e+25,1.042e+25,0.00024429958650337946,2.0001343351568517,9.560696085395716e-15,9.56e-15,0.0,0.0
0.212726430587946,6.84979106493186,32,1.0702499783335113,1.9626208036587176e+25,9.440705597531117e+24,1.07,1.962e+25,9.44e+24,0.00027917392578092405,2.000108736191993,1.0646716763916445e-14,1.065e-14,0.0,0.0
0.212726430587946,6.84979106493186,64,1.0702499686469322,1.9626187898363837e+25,9.44068178303606e+24,1.07,1.962e+25,9.44e+24,0.00023028018491419336,2.000126387194185,1.0646716864823724e-14,1.065e-14,0.0,0.0
0.212726430587946,6.84979106493186,128,1.0702499045180858,1.9626187273776207e+25,9.440681710362426e+24,1.07,1.962e+25,9.44e+24,0.000230589030110622,2.0001272414666764,1.0646715820375773e-14,1.065e-14,0.0,0.0
0.2439498648675197,7.855185648734134,32,1.1493858979969698,1.8675176807023836e+25,8.558975964312145e+24,1.149,1.867e+25,8.558e+24,0.000297861637172738,2.0001007972677423,1.1847626316960555e-14,1.185e-14,0.0,0.0
0.2439498648675197,7.855185648734134,64,1.149385775046217,1.867515893468787e+25,8.558956868418164e+24,1.149,1.867e+25,8.558e+24,0.0002180614761396542,2.0001172089054,1.1847625115393745e-14,1.185e-14,0.0,0.0
0.2439498648675197,7.855185648734134,128,1.1493857099733855,1.8675158366494595e+25,8.558953320957715e+24,1.149,1.867e+25,8.558e+24,0.00021740883235519133,2.000118028054086,1.1847624014286645e-14,1.185e-14,0.0,0.0
0.27975619392662976,9.008149444437477,32,1.2355738212252434,1.7779453546854766e+25,7.761149982092304e+24,1.236,1.777e+25,7.761e+24,0.0002881135448466342,2.000088465082824,1.317430268605912e-14,1.317e-14,0.0,0.0
0.27975619392662976,9.008149444437477,64,1.2355735049405865,1.7779438219470112e+25,7.761135189579315e+24,1.236,1.777e+25,7.761e+24,0.00021019647880193238,2.0001039270393104,1.3174298664633794e-14,1.317e-14,0.0,0.0
0.27975619392662976,9.008149444437477,128,1.2355734391497206,1.7779437689935558e+25,7.761138092826588e+24,1.236,1.777e+25,7.761e+24,0.00020944383594193676,2.0001047218609,1.3174297557945221e-14,1.317e-14,0.0,0.0
0.32081808318613386,10.330342278593509,32,1.3293630708849484,1.6938092298747725e+25,7.038561192800726e+24,1.329,1.693e+25,7.038e+24,0.00028082906665910165,2.000117433442772,1.4638648254585996e-14,1.464e-14,0.0,0.0
0.32081808318613386,10.330342278593509,64,1.3293624265555675,1.693808001979871e+25,7.038545852725514e+24,1.329,1.693e+25,7.038e+24,0.00020501414228204904,2.000132093613944,1.4638638741906428e-14,1.464e-14,0.0,0.0
0.32081808318613386,10.330342278593509,128,1.3293623602264324,1.693807953080402e+25,7.03854961560021e+24,1.329,1.693e+25,7.038e+24,0.00020413287108134943,2.000132815399322,1.4638637616448634e-14,1.464e-14,0.0,0.0
0.367906930154399,11.846603150971648,32,1.4313058137185668,1.6149703481432147e+25,6.383447156210945e+24,1.431,1.614e+25,6.383e+24,0.00026961590141657985,2.0000856425697537,1.6253686053197207e-14,1.625e-14,0.0,0.0
0.367906930154399,11.846603150971648,64,1.4313047234321927,1.614969445632136e+25,6.383442274568627e+24,1.431,1.614e+25,6.383e+24,0.0001967682293482983,2.000099699764133,1.625366822231156e-14,1.625e-14,0.0,0.0
0.367906930154399,11.846603150971648,128,1.431304656471986,1.6149694000524757e+25,6.383440224019602e+24,1.431,1.614e+25,6.383e+24,0.00019638681417029875,2.0001003863886955,1.6253667141196667e-14,1.625e-14,0.0,0.0
0.4219073560672782,13.585416865366355,32,1.541944439739361,1.5412515885309508e+25,5.788909854495141e+24,1.542,1.541e+25,5.788e+24,0.000251681716427429,2.0000619169029155,1.8033716291583498e-14,1.803e-14,0.0,0.0
0.4219073560672782,13.585416865366355,64,1.5419426782011527,1.5412510455527018e+25,5.788905686976296e+24,1.542,1.541e+25,5.788e+24,0.00018867543614353382,2.0000752572001073,1.8033685095717548e-14,1.803e-14,0.0,0.0
0.4219073560672782,13.585416865366355,128,1.5419426106050373,1.5412510041090943e+25,5.788905228598047e+24,1.542,1.541e+25,5.788e+24,0.00018778000857342522,2.0000759002987185,1.8033684002146973e-14,1.803e-14,0.0,0.0
0.48383382457345275,15.579449151265177,32,1.6617959332588574,1.4724383687640854e+25,5.248793464006615e+24,1.662,1.472e+25,5.248e+24,0.00024751314734955165,2.0000949578107274,1.999447877848141e-14,1.999e-14,0.0,0.0
0.48383382457345275,15.579449151265177,64,1.6617931895484321,1.4724382230892963e+25,5.248792896956721e+24,1.662,1.472e+25,5.248e+24,0.00018046197224639725,2.0001084878698823,1.9994426887153255e-14,1.999e-14,0.0,0.0
0.48383382457345275,15.579449151265177,128,1.6617931212434853,1.472438188108139e+25,5.248791509754133e+24,1.662,1.472e+25,5.248e+24,0.0001798205996577681,2.0001090953372325,1.999442574744626e-14,1.999e-14,0.0,0.0
0.5548496996673493,17.866160329288643,32,1.7913342595029627,1.4082851400503752e+25,4.757623909492383e+24,1.791,1.408e+25,4.757e+24,0.00023912569350706148,2.000068077351807,2.2153358538659937e-14,2.215e-14,0.0,0.0
0.5548496996673493,17.866160329288643,64,1.7913301782607043,1.4082854113681533e+25,4.7576252446170615e+24,1.791,1.408e+25,4.757e+24,0.00017689047090817934,2.000081845726966,2.215327758136148e-14,2.215e-14,0.0,0.0
0.5548496996673493,17.866160329288643,128,1.7913301090341738,1.408285379340724e+25,4.757625429432474e+24,1.791,1.408e+25,4.757e+24,0.00017637696544826786,2.000082436975143,2.2153276471175867e-14,2.215e-14,0.0,0.0
0.6362891008960669,20.488509048853352,32,1.9309717907692305,1.3485171312502086e+25,4.310545243360876e+24,1.931,1.348e+25,4.31e+24,0.00023180225222949578,2.000082918316122,2.4529620310805895e-14,2.453e-14,0.0,0.0
0.6362891008960669,20.488509048853352,64,1.9309660334007086,1.3485178122809778e+25,4.310548464751393e+24,1.931,1.348e+25,4.31e+24,0.00017214746596660863,2.000097139721505,2.4529502191573746e-14,2.453e-14,0.0,0.0
0.6362891008960669,20.488509048853352,128,1.9309659627022855,1.3485177842341018e+25,4.3105492887984185e+24,1.931,1.348e+25,4.31e+24,0.00017145305558236565,2.0000976661841996,2.4529501110255118e-14,2.453e-14,0.0,0.0
0.7296819664169504,23.495759318625797,32,2.0810418671101916,1.292837196813247e+25,3.903252742920661e+24,2.081,1.293e+25,3.903e+24,0.0002248238303880249,2.0000810170481986,2.714470102898108e-14,2.714e-14,0.0,0.0
0.7296819664169504,23.495759318625797,64,2.0810339572166616,1.292838298804049e+25,3.903260363443427e+24,2.081,1.293e+25,3.903e+24,0.00017360183516693266,2.0000956874412323,2.7144534752670813e-14,2.714e-14,0.0,0.0
0.7296819664169504,23.495759318625797,128,2.0810338841954623,1.2928382742886971e+25,3.9032602222127053e+24,2.081,1.293e+25,3.903e+24,0.00017356005769110698,2.0000962298587415,2.7144533699355857e-14,2.714e-14,0.0,0.0
0.8367827947458057,26.94440599081494,32,2.2417844466456947,1.24093128625333e+25,3.5319582628625923e+24,2.242,1.241e+25,3.532e+24,0.00023821843573303158,2.0000839050249324,3.002254723761698e-14,3.002e-14,0.0,0.0
0.8367827947458057,26.94440599081494,64,2.241773800530191,1.2409328210018959e+25,3.531967405197965e+24,2.242,1.241e+25,3.532e+24,0.0001792107847674111,2.0001000056084366,3.002231979282306e-14,3.002e-14,0.0,0.0
0.8367827947458057,26.94440599081494,128,2.241773724224354,1.2409327998451129e+25,3.531967945718788e+24,2.242,1.241e+25,3.532e+24,0.0001787558981940275,2.0001005148526962,3.0022318783722215e-14,3.002e-14,0.0,0.0
0.9596036051444556,30.89923608565147,32,2.4133400502315157,1.1924732972888308e+25,3.193320558432981e+24,2.413,1.192e+25,3.193e+24,0.000246675482082336,2.000067823338882,3.319002595957802e-14,3.319e-14,0.0,0.0
0.9596036051444556,30.89923608565147,64,2.4133245944683783,1.1924755120813049e+25,3.1933345278208624e+24,2.413,1.192e+25,3.193e+24,0.00019238806074758645,2.0000861812724606,3.318969084448314e-14,3.319e-14,0.0,0.0
0.9596036051444556,30.89923608565147,128,2.4133245131092576,1.1924754938342935e+25,3.193334979325639e+24,2.413,1.192e+25,3.193e+24,0.0001913520184432104,2.000086671113756,3.3189689884197934e-14,3.319e-14,0.0,0.0
1.1004517358485664,35.43454589432383,32,2.595751662597575,1.147135701308055e+25,2.8844253247554984e+24,2.596,1.147e+25,2.884e+24,0.00024405026124012957,2.0000362552434288,3.667744178836331e-14,3.667e-14,0.0,0.0
1.1004517358485664,35.43454589432383,64,2.5957273227298687,1.1471390392545966e+25,2.884445167903295e+24,2.596,1.147e+25,2.884e+24,0.00017757598647297725,2.0000587942202017,3.667690723441842e-14,3.667e-14,0.0,0.0
1.1004517358485664,35.43454589432383,128,2.5957272342381237,1.1471390245186684e+25,2.884445190906931e+24,2.596,1.147e+25,2.884e+24,0.0001767678797124541,2.000059297439501,3.6676906273198034e-14,3.667e-14,0.0,0.0
1.2619731902214182,40.63553672512966,32,2.789203946382658,1.104547069367927e+25,2.602282449723064e+24,2.789,1.104e+25,2.603e+24,0.0002822590746607421,1.9998454154594234,4.052335677417902e-14,4.052e-14,0.0,0.0
1.2619731902214182,40.63553672512966,64,2.7889414659124623,1.1045994203819683e+25,2.602751781756896e+24,2.789,1.104e+25,2.603e+24,0.0001914737140655734,2.000046229651392,4.051819808957123e-14,4.052e-14,0.0,0.0
1.2619731902214182,40.63553672512966,128,2.7889413672044587,1.1045994090323873e+25,2.6027516365957707e+24,2.789,1.104e+25,2.603e+24,0.00019051286021800942,2.0000467569125595,4.051819712738642e-14,4.052e-14,0.0,0.0
1.4472023451438119,46.599915513630734,32,2.992353667471718,1.0646405759816192e+25,2.3467794704669082e+24,2.993,1.064e+25,2.346e+24,0.00039098935892057176,2.0003990846975537,4.474232460280288e-14,4.475e-14,0.0,0.0
1.4472023451438119,46.599915513630734,64,2.9928785144110863,1.0645435287561484e+25,2.3460334213099143e+24,2.993,1.064e+25,2.346e+24,0.0002136635575027423,2.0000448994528983,4.47524795396932e-14,4.475e-14,0.0,0.0
1.4472023451438119,46.599915513630734,128,2.9928784011344662,1.0645435201084098e+25,2.346033425394669e+24,2.993,1.064e+25,2.346e+24,0.00021249460654318615,2.000045480333851,4.4752478717244074e-14,4.475e-14,0.0,0.0
1.6596189554726426,53.43973036621908,32,3.2074717168133615,1.0266722569045647e+25,2.1123700146711983e+24,3.207,1.026e+25,2.112e+24,0.00029774001203874414,2.0000386659024425,4.942458196037748e-14,4.942e-14,0.0,0.0
1.6596189554726426,53.43973036621908,64,3.207455315082148,1.0266748912109731e+25,2.1123541247983235e+24,3.207,1.026e+25,2.112e+24,0.00020893558978245333,2.000058054974898,4.942429208176324e-14,4.942e-14,0.0,0.0
1.6596189554726426,53.43973036621908,128,3.207455179576229,1.0266748863070924e+25,2.1123542603365215e+24,3.207,1.026e+25,2.112e+24,0.0002080265368408021,2.0000586894500643,4.94242912809279e-14,4.942e-14,0.0,0.0
1.9032135254662013,61.28347552001167,32,3.431891127565888,9.908447686763696e+24,1.9010548313634518e+24,3.433,9.905e+24,1.9e+24,0.00041741827093495635,2.0005776821390766,5.4564794091070405e-14,5.458e-14,0.0,0.0
1.9032135254662013,61.28347552001167,64,3.432670340710177,9.907172236323612e+24,1.9000144590025385e+24,3.433,9.905e+24,1.9e+24,0.00022166229431534493,2.0000394060235522,5.458478248392558e-14,5.458e-14,0.0,0.0
1.9032135254662013,61.28347552001167,128,3.43267017079749,9.907172232616413e+24,1.900014220570607e+24,3.433,9.905e+24,1.9e+24,0.0002200897199424261,2.0000401775250944,5.458478164768679e-14,5.458e-14,0.0,0.0
2.182562275257883,70.27850526330383,32,3.6694019372338302,9.563118729246054e+24,1.7067321555386537e+24,3.669,9.562e+24,1.707e+24,0.00038262000612091765,1.9996176429343517,6.031090489986141e-14,6.029e-14,-1.3039735721864397e-21,7.603e-34
2.182562275257883,70.27850526330383,64,3.6687077135435766,9.564098196417478e+24,1.7074985942445448e+24,3.669,9.562e+24,1.707e+24,0.0002581352438807592,2.0000531181508223,6.029268668004554e-14,6.029e-14,3.349326011688536e-28,7.603e-34
2.182562275257883,70.27850526330383,128,3.6687075133220084,9.56409823899927e+24,1.707498515982081e+24,3.669,9.562e+24,1.707e+24,0.0002569486867870084,2.0000539536667863,6.029268590685275e-14,6.029e-14,6.779700724880874e-32,7.603e-34
2.502913110714683,80.59380216501279,32,3.9163570246800976,9.234893376042455e+24,1.5332984279157293e+24,3.916,9.233e+24,1.533e+24,0.0003365508173806647,1.9998530314698315,6.662429184883346e-14,6.661e-14,-7.992495667183991e-22,7.258e-30
2.502913110714683,80.59380216501279,64,3.916078737526778,9.23526418312556e+24,1.5334834292820673e+24,3.916,9.233e+24,1.533e+24,0.00018475947271283133,2.0000212782199314,6.661717454261776e-14,6.661e-14,6.049155141546796e-29,7.258e-30
2.502913110714683,80.59380216501279,128,3.916078515994731,9.235264274752452e+24,1.533483843479277e+24,3.916,9.233e+24,1.533e+24,0.0001826889739265817,2.0000221532210016,6.661717376650077e-14,6.661e-14,7.205323518085755e-30,7.258e-30
2.8702842117287366,92.42315161766531,32,4.175713728438762,8.918763730578798e+24,1.3768871281577462e+24,4.176,8.917e+24,1.377e+24,0.00028269160805683346,2.0000901734006074,7.363657020044838e-14,7.364e-14,-1.7645325893528418e-22,7.607e-27
2.8702842117287366,92.42315161766531,64,4.175821238197476,8.918623774229853e+24,1.3767801305989056e+24,4.176,8.917e+24,1.377e+24,7.987391163371249e-05,2.0000381818559076,7.363961253869762e-14,7.364e-14,1.4231137442614048e-26,7.607e-27
2.8702842117287366,92.42315161766531,128,4.17582099953205,8.918623899941912e+24,1.3767799648357898e+24,4.176,8.917e+24,1.377e+24,7.620974368871608e-05,2.0000390933054057,7.363961144102464e-14,7.364e-14,7.86281341945307e-27,7.607e-27
3.2915770910428535,105.98878233157986,32,4.449848769320175,8.612209376357192e+24,1.2362862663356017e+24,4.45,8.611e+24,1.236e+24,0.00027701641011058595,2.0000291636341077,8.145757337419707e-14,8.145e-14,2.55578338485694e-23,1.482e-24
3.2915770910428535,105.98878233157986,64,4.449798002416193,8.612266577704011e+24,1.2363223985407736e+24,4.45,8.611e+24,1.236e+24,8.639867415117005e-05,2.0000794157226798,8.145626346731163e-14,8.145e-14,1.403780446212494e-24,1.482e-24
3.2915770910428535,105.98878233157986,128,4.449797854436999,8.612266597851862e+24,1.2363219342099716e+24,4.45,8.611e+24,1.236e+24,8.283922850526661e-05,2.000080258778347,8.145626462371822e-14,8.145e-14,1.4788562154823244e-24,1.482e-24
3.774706247557505,121.54554117135164,32,4.741103021881381,8.314571567713996e+24,1.1112255831917533e+24,4.741,8.313e+24,1.111e+24,0.0002688511430757658,2.0000483986841417,9.01797311017116e-14,9.018e-14,1.6461630692385443e-22,8.003e-23
3.774706247557505,121.54554117135164,64,4.741102685852803,8.314569335539367e+24,1.1112190424974406e+24,4.741,8.313e+24,1.111e+24,0.00010500488173890497,2.000066003280549,9.017983005640858e-14,9.018e-14,8.12993665789605e-23,8.003e-23
3.774706247557505,121.54554117135164,128,4.741104637084447,8.314567201462237e+24,1.1112181775462314e+24,4.741,8.313e+24,1.111e+24,0.00010081854954180403,2.0000656488137616,9.017988810878606e-14,9.018e-14,8.008352988587128e-23,8.003e-23
4.328747849814271,139.3856807640195,32,5.052939296509423,8.026081900529648e+24,1.0017890550559698e+24,5.054,8.024e+24,1.001e+24,0.00035590199701768975,2.0005869102803224,9.988727440418055e-14,9.991e-14,3.464245171584604e-21,1.622e-21
4.328747849814271,139.3856807640195,64,5.053491756773877,8.02554114495596e+24,1.0014616456245449e+24,5.054,8.024e+24,1.001e+24,0.000151006563231436,2.0001893160584547,9.99031536912981e-14,9.991e-14,1.8156538515433885e-21,1.622e-21
4.328747849814271,139.3856807640195,128,5.053600676150355,8.025434498555905e+24,1.0013968636113008e+24,5.054,8.024e+24,1.001e+24,0.00013696153970424698,2.000091433094663,9.990627520500238e-14,9.991e-14,1.622044821133211e-21,1.622e-21
4.964110242855715,159.84434981995398,32,5.3812605868989305,7.755812176058569e+24,9.120985037189711e+23,5.386,7.752e+24,9.105e+23,0.0010294216932976168,2.007207003820306,1.1037038629122275e-13,1.105e-13,2.775993562407872e-20,1.548e-20
4.964110242855715,159.84434981995398,64,5.38612698624288,7.751532582044346e+24,9.097032107470691e+23,5.386,7.752e+24,9.105e+23,0.0004622915710809061,1.9994874694528566,1.1051112861051045e-13,1.105e-13,1.385628193949886e-20,1.548e-20
4.964110242855715,159.84434981995398,128,5.385345218355315,7.752784954030302e+24,9.104266517578094e+23,5.386,7.752e+24,9.105e+23,0.00017094513037040808,2.000195077083051,1.1049003925547046e-13,1.105e-13,1.5478711394194286e-20,1.548e-20
5.692729481640361,183.30588930881962,32,5.7090508014608226,7.525376442571547e+24,8.50262690026797e+23,5.713,7.521e+24,8.486e+23,0.0011502330464523867,2.0471217994921984,1.2094816087344985e-13,1.211e-13,7.481726991535974e-20,8.253e-20
5.692729481640361,183.30588930881962,64,5.7178962360305325,7.515859676029279e+24,8.45070544775705e+23,5.713,7.521e+24,8.486e+23,0.0023445109214207363,1.9880939543930432,1.2120445324646974e-13,1.211e-13,7.279142520928166e-20,8.253e-20
5.692729481640361,183.30588930881962,128,5.717861705490202,7.515875742614836e+24,8.450754325772435e+23,5.713,7.521e+24,8.486e+23,0.0023455221497936493,1.987842335779952,1.2120326010117915e-13,1.211e-13,7.276851122329656e-20,8.253e-20
6.528293564345668,210.21105277193047,32,5.965861856008879,7.386219414610313e+24,8.359993800217643e+23,5.991,7.367e+24,8.257e+23,0.006620959591859278,2.3270809416212885,1.293279219268011e-13,1.3e-13,2.562017843675558e-19,2.823e-19
6.528293564345668,210.21105277193047,64,5.989489882859534,7.368125527166417e+24,8.258107095695112e+23,5.991,7.367e+24,8.257e+23,0.00033917046100779056,2.0109708726657147,1.3001593385461755e-13,1.3e-13,2.8357022069995503e-19,2.823e-19
6.528293564345668,210.21105277193047,128,5.9902516435444015,7.367570782460059e+24,8.255136031766755e+23,5.991,7.367e+24,8.257e+23,0.00022967900267290386,2.0062306143625688,1.3003762599061498e-13,1.3e-13,2.822471333843344e-19,2.823e-19
7.486499578054157,241.06528641334378,32,6.184346146980805,7.297177677242736e+24,8.377948380443992e+23,6.186,7.296e+24,8.377e+23,0.0004296595587185062,2.006117240553687,1.3631985129382168e-13,1.363e-13,6.937269562917245e-19,6.997e-19
7.486499578054157,241.06528641334378,64,6.184153315170984,7.297399390501588e+24,8.380978457447625e+23,6.186,7.296e+24,8.377e+23,0.0005057228453109522,2.056927324808659,1.3630861344510833e-13,1.363e-13,7.00674816355827e-19,6.997e-19
7.486499578054157,241.06528641334378,128,6.1855375223646245,7.296454093826026e+24,8.37491148835149e+23,6.186,7.296e+24,8.377e+23,0.00022641243496464132,2.007854704723959,1.3634952448956458e-13,1.363e-13,6.990017175910552e-19,6.997e-19
8.585348587617126,276.4482245212714,32,6.288483217558239,7.294715244817749e+24,8.749382255348511e+23,6.304,7.285e+24,8.691e+23,0.0038890020752091574,2.2329231064660267,1.3970214194122588e-13,1.401e-13,1.490774751795869e-18,1.394e-18
8.585348587617126,276.4482245212714,64,6.303331907523122,7.285684369761221e+24,8.689918073765855e+23,6.304,7.285e+24,8.691e+23,0.0002688837851157549,2.020487635477887,1.4013376434794724e-13,1.401e-13,1.3947155918991912e-18,1.394e-18
8.585348587617126,276.4482245212714,128,6.303448630876475,7.285614488891998e+24,8.689163313074836e+23,6.304,7.285e+24,8.691e+23,0.00023194021859522396,2.0108989004337876,1.401376431200814e-13,1.401e-13,1.3943318019436852e-18,1.394e-18
9.845483807541624,317.0245786028402,32,6.320603465421803,7.335019950569581e+24,9.235609850890838e+23,6.369,7.304e+24,9.055e+23,0.011484569437977302,2.3323261534473345,1.408325914028926e-13,1.422e-13,2.6682757495322372e-18,2.413e-18
9.845483807541624,317.0245786028402,64,6.368471713642833,7.304764731808903e+24,9.053029946483023e+23,6.369,7.304e+24,9.055e+23,0.00024616472199700905,2.009766114869398,1.4219545470036946e-13,1.422e-13,2.4102891995445062e-18,2.413e-18
9.845483807541624,317.0245786028402,128,6.368653379880823,7.304651309705308e+24,9.052415666652755e+23,6.369,7.304e+24,9.055e+23,0.00021929708710969998,2.00980705303909,1.4220037244344423e-13,1.422e-13,2.4098052611504193e-18,2.413e-18
11.290578409870752,363.5566247978382,32,6.403159436927058,7.332954389164122e+24,9.390275880382214e+23,6.405,7.332e+24,9.385e+23,0.0007077687547302469,2.054451876657847,1.4325121622375705e-13,1.433e-13,3.801339487708204e-18,3.817e-18
11.290578409870752,363.5566247978382,64,6.404170604025799,7.332609219071003e+24,9.384475095828377e+23,6.405,7.332e+24,9.385e+23,0.00024534388548236834,2.009598471355787,1.4328481544502692e-13,1.433e-13,3.813230171852364e-18,3.817e-18
11.290578409870752,363.5566247978382,128,6.404848235429931,7.332222606291228e+24,9.382264612278456e+23,6.405,7.332e+24,9.385e+23,0.00021179489159717425,2.0084762068760864,1.4330308405632972e-13,1.433e-13,3.811548469191532e-18,3.817e-18
12.947780253499815,416.918524162694,32,6.399630805183039,7.37351509006274e+24,9.758081237573914e+23,6.427,7.357e+24,9.652e+23,0.006458791810241132,2.217837214595041,1.4315265435312033e-13,1.439e-13,5.69526055328527e-18,5.693e-18
12.947780253499815,416.918524162694,64,6.426483718901879,7.357958987038842e+24,9.65148418240315e+23,6.427,7.357e+24,9.652e+23,0.00023178682052378536,2.0106947999157234,1.4391722821473685e-13,1.439e-13,5.693769787816623e-18,5.693e-18
12.947780253499815,416.918524162694,128,6.427280334074692,7.357525700618976e+24,9.648850744595651e+23,6.427,7.357e+24,9.652e+23,0.00020856003403462158,2.008316888690979,1.4393858071141947e-13,1.439e-13,5.6911958779861626e-18,5.693e-18
14.848221889709084,478.1127448486325,32,6.444091954321584,7.376340072536373e+24,9.850487806661014e+23,6.444,7.376e+24,9.852e+23,0.00033964185557656387,2.015851551183163,1.443709662023499e-13,1.443e-13,8.154274740456947e-18,8.168e-18
14.848221889709084,478.1127448486325,64,6.4438397458942696,7.376460209856073e+24,9.850693896528881e+23,6.444,7.376e+24,9.852e+23,0.00021751157432462848,2.0106410566760324,1.4436489407668452e-13,1.443e-13,8.160872222665106e-18,8.168e-18
14.848221889709084,478.1127448486325,128,6.444577703585756,7.376068390440559e+24,9.848276376048722e+23,6.444,7.376e+24,9.852e+23,0.00022013811567265238,2.008187263686741,1.4438447826360336e-13,1.443e-13,8.157718253609396e-18,8.168e-18
17.027605424987254,548.2888946845895,32,6.444802724897199,7.395230392990201e+24,1.0056022830820393e+24,6.461,7.386e+24,9.991e+23,0.0039883430271892405,2.1442525801472407,1.4431448592006535e-13,1.447e-13,1.1561860387335426e-17,1.141e-17
17.027605424987254,548.2888946845895,64,6.460651380490597,7.386698284687419e+24,9.988926300505136e+23,6.461,7.386e+24,9.991e+23,0.00021480175482348356,2.0103108978535142,1.4476922663045135e-13,1.447e-13,1.1406134960315421e-17,1.141e-17
17.027605424987254,548.2888946845895,128,6.461303065282376,7.386356394860447e+24,9.986781027001037e+23,6.461,7.386e+24,9.991e+23,0.00023201997320493944,2.008287051537382,1.4478632154194298e-13,1.447e-13,1.1402661832542053e-17,1.141e-17
19.526873228504513,628.7653179578452,32,6.479254237731797,7.388584358418158e+24,1.0075698698557207e+24,6.479,7.388e+24,1.008e+24,0.00039421116429265456,2.013096478765132,1.4520318108518618e-13,1.452e-13,1.563180610228317e-17,1.564e-17
19.526873228504513,628.7653179578452,64,6.479246406464158,7.388565872667827e+24,1.0075312671217395e+24,6.479,7.388e+24,1.008e+24,0.00024182193342003528,2.0098973717577824,1.4520317243153472e-13,1.452e-13,1.5625769194764005e-17,1.564e-17
19.526873228504513,628.7653179578452,128,6.479774631921099,7.388282767063154e+24,1.0073665565975018e+24,6.479,7.388e+24,1.008e+24,0.00026014251039105005,2.009284280434956,1.4521675849361238e-13,1.452e-13,1.562220432252159e-17,1.564e-17
22.39297708429086,721.0538621141656,32,6.486761005976394,7.390306297957675e+24,1.0181353833536873e+24,6.5,7.382e+24,1.012e+24,0.003679209577207278,2.1191321378044963,1.4529729594096769e-13,1.456e-13,2.127187171229577e-17,2.115e-17
22.39297708429086,721.0538621141656,64,6.500883556204759,7.382224806529302e+24,1.0118699528878965e+24,6.5,7.382e+24,1.012e+24,0.0002992488792896574,2.010223601608021,1.457039064448211e-13,1.456e-13,2.1144213682936117e-17,2.115e-17
22.39297708429086,721.0538621141656,128,6.501401325986866,7.381934647665408e+24,1.0117199173196605e+24,6.5,7.382e+24,1.012e+24,0.00031615602896992656,2.0085610438654298,1.457169182278732e-13,1.456e-13,2.1140113396698608e-17,2.115e-17
25.67976023757795,826.8882796500098,32,6.52609820370604,7.367983812036906e+24,1.0129116479853808e+24,6.525,7.369e+24,1.013e+24,0.00044637165746948146,2.022739788497421,1.4628106153422263e-13,1.462e-13,2.8309047136103805e-17,2.832e-17
25.67976023757795,826.8882796500098,64,6.526286178891576,7.367969093534525e+24,1.0126603172939658e+24,6.525,7.369e+24,1.013e+24,0.00035019900923635207,2.0108554782865533,1.4629030888152848e-13,1.462e-13,2.830199557522399e-17,2.832e-17
25.67976023757795,826.8882796500098,128,6.5266120880499,7.367793942800213e+24,1.0125780385754737e+24,6.525,7.369e+24,1.013e+24,0.00034968922113803294,2.008950353890345,1.4629830378444758e-13,1.462e-13,2.8298881427815864e-17,2.832e-17
29.448968905617622,948.2567987608874,32,6.552570516457133,7.347904193172318e+24,1.0116143414288766e+24,6.554,7.347e+24,1.011e+24,0.0009814604593342698,2.0152589695509824,1.4688965762748614e-13,1.469e-13,3.763172824321875e-17,3.763e-17
29.448968905617622,948.2567987608874,64,6.555911694264674,7.34602651706321e+24,1.0105478924370238e+24,6.554,7.347e+24,1.011e+24,0.0003835026823918252,2.0104249719884453,1.4697167479749568e-13,1.469e-13,3.757707610173262e-17,3.763e-17
29.448968905617622,948.2567987608874,128,6.556136057386798,7.34592507551202e+24,1.0104655836292562e+24,6.554,7.347e+24,1.011e+24,0.0004105146295220199,2.0090933161757314,1.4697750449811989e-13,1.469e-13,3.757334829440488e-17,3.763e-17
33.77141225543738,1087.4394746250837,32.0,6.589922413139154,7.316497531777423e+24,1.0060697449593334e+24,6.588,7.318e+24,1.007e+24,0.0004948641358509693,2.015704179382074,1.4774835110083243e-13,1.476e-13,4.964456495962732e-17,4.97e-17
33.77141225543738,1087.4394746250837,64.0,6.590250392249848,7.31637874228109e+24,1.0059002130464141e+24,6.588,7.318e+24,1.007e+24,0.00046405255526365993,2.01008083091227,1.4775764794660718e-13,1.476e-13,4.9636301531635815e-17,4.97e-17
33.77141225543738,1087.4394746250837,128.0,6.5902526301164315,7.316381921215771e+24,1.0058926568723877e+24,6.588,7.318e+24,1.007e+24,0.00046514260838015716,2.0101851109162254,1.477577394964473e-13,1.476e-13,4.96360398353334e-17,4.97e-17
38.72829264012518,1247.0510230120308,32,6.628042791266927,7.279980299765557e+24,9.996083100705611e+23,6.626,7.281e+24,1.001e+24,0.0007286370891860973,2.011333818977827,1.486140885308113e-13,1.485e-13,6.52535512636247e-17,6.533e-17
38.72829264012518,1247.0510230120308,64,6.629157297340706,7.279370965043923e+24,9.992857995091386e+23,6.626,7.281e+24,1.001e+24,0.0005183607065698784,2.0111424932514153,1.4863888312994124e-13,1.485e-13,6.52312795822582e-17,6.533e-17
38.72829264012518,1247.0510230120308,128,6.629645681883634,7.279138980428601e+24,9.991524027405971e+23,6.626,7.281e+24,1.001e+24,0.0005516210667054703,2.0100799120747093,1.4865080681286302e-13,1.485e-13,6.522054101903773e-17,6.533e-17
44.41273108374926,1430.089940896726,32,6.6702242080674115,7.237281989274291e+24,9.932845084824071e+23,6.671,7.236e+24,9.922e+23,0.0019235345130868557,2.0641891883968504,1.4951861617312942e-13,1.495e-13,8.559620380504857e-17,8.552e-17
44.41273108374926,1430.089940896726,64,6.674340507226535,7.234398394700722e+24,9.906301517993828e+23,6.671,7.236e+24,9.922e+23,0.0006381122106332932,2.012233100825758,1.4965098429497508e-13,1.495e-13,8.536378618719177e-17,8.552e-17
44.41273108374926,1430.089940896726,128,6.674671775331971,7.234247383996452e+24,9.905584363709789e+23,6.671,7.236e+24,9.922e+23,0.0006479778771181481,2.0110825389489424,1.4965877297180786e-13,1.495e-13,8.535585817105593e-17,8.552e-17
50.93151667300177,1639.9948368706566,32,6.725963831735166,7.181932447401632e+24,9.805077109001918e+23,6.722,7.184e+24,9.822e+23,0.0007908299120465905,2.0202940301053762,1.5078523856055037e-13,1.506e-13,1.1134379292727308e-16,1.116e-16
50.93151667300177,1639.9948368706566,64,6.72605857709291,7.181742197839949e+24,9.802948788200037e+23,6.722,7.184e+24,9.822e+23,0.0007168600532242034,2.0120743710992754,1.5079118731785493e-13,1.506e-13,1.1132579133176991e-16,1.116e-16
50.93151667300177,1639.9948368706566,128,6.726264172023424,7.181654500746167e+24,9.802275089339595e+23,6.722,7.184e+24,9.822e+23,0.0007331177130816473,2.0113370371342802,1.5079618540532935e-13,1.506e-13,1.1131693053850612e-16,1.116e-16
58.407112720015,1880.7090295844828,32,6.783099385045868,7.122499230812998e+24,9.688770202670352e+23,6.78,7.125e+24,9.706e+23,0.0009917052018333218,2.0140764613345112,1.5202485646204427e-13,1.519e-13,1.4482720313311079e-16,1.451e-16
58.407112720015,1880.7090295844828,64,6.784709411532549,7.121813157101748e+24,9.684429691180275e+23,6.78,7.125e+24,9.706e+23,0.0008302155443521902,2.012420238019662,1.520597538538438e-13,1.519e-13,1.4475019022752644e-16,1.451e-16
58.407112720015,1880.7090295844828,128,6.785134630533231,7.121633864955049e+24,9.6833020717239e+23,6.78,7.125e+24,9.706e+23,0.0008512296931938385,2.0117715314875166,1.5206986640928402e-13,1.519e-13,1.447306819719735e-16,1.451e-16
66.97995738455751,2156.7546277827514,32,6.851562987852251,7.055678680390017e+24,9.560559453466529e+23,6.847,7.059e+24,9.577e+23,0.001540357808613032,2.040476627497229,1.5345691258890103e-13,1.533e-13,1.8778478042633358e-16,1.883e-16
66.97995738455751,2156.7546277827514,64,6.851866996122317,7.054812059214197e+24,9.550611947112848e+23,6.847,7.059e+24,9.577e+23,0.0009473617600265957,2.014096077904865,1.534813334412805e-13,1.533e-13,1.8762371812213106e-16,1.883e-16
66.97995738455751,2156.7546277827514,128,6.85224432353714,7.054673121288364e+24,9.549788860948995e+23,6.847,7.059e+24,9.577e+23,0.0009552841798234492,2.012939429344049,1.534900412687535e-13,1.533e-13,1.8760534201816734e-16,1.883e-16
76.81110197559491,2473.3174836141557,32,6.928371993896988,6.981505353723385e+24,9.403910471453692e+23,6.923,6.987e+24,9.434e+23,0.001142553793544853,2.01593337923357,1.5506027900690518e-13,1.549e-13,2.4270505759234377e-16,2.436e-16
76.81110197559491,2473.3174836141557,64,6.928862648010835,6.981255623386163e+24,9.40233915164038e+23,6.923,6.987e+24,9.434e+23,0.0010949592631426446,2.013928652906008,1.550711773173209e-13,1.549e-13,2.426732327162788e-16,2.436e-16
76.81110197559491,2473.3174836141557,128,6.929005935883424,6.981208147708505e+24,9.401915370322867e+23,6.923,6.987e+24,9.434e+23,0.0011005546175989732,2.0134873187846956,1.550744493423278e-13,1.549e-13,2.4266056039675797e-16,2.436e-16
88.08523649591777,2836.3446151685516,32,7.01482423079899,6.902948352710761e+24,9.245893627549901e+23,7.01,6.91e+24,9.278e+23,0.0014225391370028097,2.017566171743904,1.5679542558547152e-13,1.566e-13,3.1315023598212875e-16,3.143e-16
88.08523649591777,2836.3446151685516,64,7.0164398688081455,6.90244399116819e+24,9.241369074160246e+23,7.01,6.91e+24,9.278e+23,0.0012464657508637809,2.01475759261111,1.5682743694729354e-13,1.566e-13,3.129768568430978e-16,3.143e-16
88.08523649591777,2836.3446151685516,128,7.016784279408007,6.902323896098268e+24,9.240542820697678e+23,7.01,6.91e+24,9.278e+23,0.0012489484744963016,2.014184365522835,1.568353747344706e-13,1.566e-13,3.129440030567417e-16,3.143e-16
101.01415926837032,3252.6559284415234,32,7.117561733771304,6.819270920366562e+24,9.070004135077218e+23,7.11,6.828e+24,9.111e+23,0.0016352296004147854,2.0265775367097016,1.5878793646260575e-13,1.585e-13,4.025796188586393e-16,4.046e-16
101.01415926837032,3252.6559284415234,64,7.1169138984331415,6.819138829245188e+24,9.067156723134254e+23,7.11,6.828e+24,9.111e+23,0.0014227279137972097,2.015568077609665,1.587795246457756e-13,1.585e-13,4.025369663819465e-16,4.046e-16
101.01415926837032,3252.6559284415234,128,7.1172933230279085,6.819018275159462e+24,9.066370670815934e+23,7.11,6.828e+24,9.111e+23,0.0014175604241987666,2.0154484010706275,1.587881246791936e-13,1.585e-13,4.024972644132484e-16,4.046e-16
115.84075582482602,3730.0723375593975,32,7.231530447294874,6.732604918891538e+24,8.882753053421076e+23,7.225,6.744e+24,8.932e+23,0.0016801623808301478,2.0189168714145134,1.6093067636420517e-13,1.607e-13,5.164817252503509e-16,5.195e-16
115.84075582482602,3730.0723375593975,64,7.232739047714272,6.732350039819637e+24,8.879819271274466e+23,7.225,6.744e+24,8.932e+23,0.0015974702081069949,2.0163127026758976,1.6095336084511304e-13,1.607e-13,5.163047581181003e-16,5.195e-16
115.84075582482602,3730.0723375593975,128,7.232787165970002,6.732342666630648e+24,8.879645083684558e+23,7.225,6.744e+24,8.932e+23,0.001593927303582093,2.0161102680699687,1.6095413955152765e-13,1.607e-13,5.162929642806863e-16,5.195e-16
132.84356180617903,4277.562690158964,32,7.364440171069089,6.643691216117251e+24,8.685188151283457e+23,7.358,6.659e+24,8.743e+23,0.0019758519277711943,2.021682584821668,1.633310259553813e-13,1.631e-13,6.607625540166716e-16,6.654e-16
132.84356180617903,4277.562690158964,64,7.365525107983483,6.643533555032631e+24,8.681789959428384e+23,7.358,6.659e+24,8.743e+23,0.0017871017899587947,2.017482613694995,1.6334701767025985e-13,1.631e-13,6.604725873252168e-16,6.654e-16
132.84356180617903,4277.562690158964,128,7.365637806189664,6.643509971437679e+24,8.681467097843987e+23,7.358,6.659e+24,8.743e+23,0.0017770491222515096,2.0173848690793554,1.6334924608520922e-13,1.631e-13,6.604455464037174e-16,6.654e-16
152.34199559297127,4905.412258093675,32,7.518557020440388,6.55368072807059e+24,8.47468447344291e+23,7.511,6.573e+24,8.545e+23,0.0020603969005098467,2.02229892117706,1.6599009294411364e-13,1.657e-13,8.427087300020348e-16,8.502e-16
152.34199559297127,4905.412258093675,64,7.518768892901129,6.553661393503982e+24,8.473106473588649e+23,7.511,6.573e+24,8.545e+23,0.0020163790069897985,2.018794597001543,1.6599207059715625e-13,1.657e-13,8.426213467329605e-16,8.502e-16
152.34199559297127,4905.412258093675,128,7.518997234114958,6.553617870227369e+24,8.472578216341925e+23,7.511,6.573e+24,8.545e+23,0.0019997080627883056,2.0181142083831682,1.6599694818232933e-13,1.657e-13,8.425618439872306e-16,8.502e-16
174.70235896798567,5625.415958769138,32,7.695071080674611,6.463938599945464e+24,8.257883949351124e+23,7.69,6.49e+24,8.341e+23,0.0024907720303320685,2.022777673547949,1.6889991185088434e-13,1.686e-13,1.0725070267531742e-15,1.083e-15
174.70235896798567,5625.415958769138,64,7.696066421947785,6.46394273890382e+24,8.255175701650906e+23,7.69,6.49e+24,8.341e+23,0.002242527018592145,2.0200407930566797,1.6890873827141482e-13,1.686e-13,1.0721163529673244e-15,1.083e-15
174.70235896798567,5625.415958769138,128,7.6963405255513155,6.463897532399424e+24,8.254614021243384e+23,7.69,6.49e+24,8.341e+23,0.002219432896247748,2.0191811402526674,1.6891465049499832e-13,1.686e-13,1.0720342754268666e-15,1.083e-15
200.34471854054598,6451.09993700558,32,7.902399279918654,6.375729460286263e+24,8.031455199327363e+23,7.898,6.41e+24,8.132e+23,0.0025717234793644302,2.026516052088853,1.7213296706288933e-13,1.719e-13,1.3599316287621184e-15,1.377e-15
200.34471854054598,6451.09993700558,64,7.901723078285681,6.375827066162841e+24,8.029827571642716e+23,7.898,6.41e+24,8.132e+23,0.0024839843326045596,2.021133077891216,1.721162115702534e-13,1.719e-13,1.359911290267869e-15,1.377e-15
200.34471854054598,6451.09993700558,128,7.9020009670167966,6.375787024568008e+24,8.029300433685505e+23,7.898,6.41e+24,8.132e+23,0.0024549458081758826,2.0202183490563725,1.721222001338801e-13,1.719e-13,1.359815756887359e-15,1.377e-15
229.75079720844468,7397.975670111918,32,8.1401209485424,6.290659985937342e+24,7.801374335450238e+23,8.142,6.335e+24,7.921e+23,0.0029964666207284068,2.024230223612198,1.7563072325426447e-13,1.754e-13,1.7205522268714117e-15,1.747e-15
229.75079720844468,7397.975670111918,64,8.140826040327404,6.29082099903398e+24,7.799282142066342e+23,8.142,6.335e+24,7.921e+23,0.0027374525982081965,2.022071202326837,1.7562911164267604e-13,1.754e-13,1.7200637191995179e-15,1.747e-15
229.75079720844468,7397.975670111918,128,8.141083398918562,6.290789385643835e+24,7.798816998941312e+23,8.142,6.335e+24,7.921e+23,0.0027031713795359273,2.0208642335255376,1.7563462212708357e-13,1.754e-13,1.7199584578991726e-15,1.747e-15
263.473023908205,8483.8313698442,32,8.420822319927945,6.210680190597033e+24,7.568346813585357e+23,8.427,6.27e+24,7.712e+23,0.0032095491633216903,2.0296751565111504,1.7948916525993095e-13,1.793e-13,2.1697014323100355e-15,2.211e-15
263.473023908205,8483.8313698442,64,8.419438911018414,6.210825845528883e+24,7.566046212637259e+23,8.427,6.27e+24,7.712e+23,0.0030107725616809996,2.0226757582407218,1.7945576036647464e-13,1.793e-13,2.169616469358751e-15,2.211e-15
263.473023908205,8483.8313698442,128,8.419708210820323,6.210798927736299e+24,7.565558581242178e+23,8.427,6.27e+24,7.712e+23,0.002963872497868568,2.0209295493341246,1.7946153603555077e-13,1.793e-13,2.1694778014028762e-15,2.211e-15
302.1449116642371,9729.066155588434,32,8.744650321074118,6.137991674050617e+24,7.3343931496436e+23,8.762,6.217e+24,7.508e+23,0.003526149903232609,2.0251124262099878,1.836058186634889e-13,1.835e-13,2.73003679620133e-15,2.793e-15
302.1449116642371,9729.066155588434,64,8.744762424808098,6.138212678098397e+24,7.332755350733973e+23,8.762,6.217e+24,7.508e+23,0.003285959671656923,2.0227724233339166,1.8359450054930316e-13,1.835e-13,2.72945952044969e-15,2.793e-15
302.1449116642371,9729.066155588434,128,8.745005337821777,6.138192677102713e+24,7.332310685103098e+23,8.762,6.217e+24,7.508e+23,0.003230546321168661,2.0210620299880095,1.8359966496294992e-13,1.835e-13,2.7293046101197987e-15,2.793e-15
346.49295890115854,11157.073276617304,32,9.127548452496047,6.075766223378431e+24,7.104872232575507e+23,9.157,6.181e+24,7.312e+23,0.003961461438050393,2.029073130817791,1.8809674794042543e-13,1.88e-13,3.4239501155048157e-15,3.521e-15
346.49295890115854,11157.073276617304,64,9.125420344266407,6.076098225893358e+24,7.102025812234078e+23,9.157,6.181e+24,7.312e+23,0.0035811555011405136,2.022458719933799,1.8803271480542278e-13,1.88e-13,3.4235957299716896e-15,3.521e-15
346.49295890115854,11157.073276617304,128,9.125598480464665,6.076089337450662e+24,7.101681148250542e+23,9.157,6.181e+24,7.312e+23,0.0035252495602026163,2.0215740248799463,1.8803626191913762e-13,1.88e-13,3.4234489304489544e-15,3.521e-15
397.3502975998995,12794.67958271676,32,9.574557987764132,6.028703912107527e+24,6.879987182110675e+23,9.625,6.167e+24,7.126e+23,0.00460725821379749,2.0258882145850183,1.9275888661870188e-13,1.927e-13,4.284622676343295e-15,4.429e-15
397.3502975998995,12794.67958271676,64,9.571721124231857,6.028026080550016e+24,6.875915094670865e+23,9.625,6.167e+24,7.126e+23,0.004018613526953675,2.021789884160601,1.927444769075115e-13,1.927e-13,4.282619977945167e-15,4.429e-15
397.3502975998995,12794.67958271676,128,9.571889609234148,6.028021221867834e+24,6.875613698899389e+23,9.625,6.167e+24,7.126e+23,0.003959923870338423,2.0209487678545033,1.9274772538686318e-13,1.927e-13,4.282441777743538e-15,4.429e-15
455.67234469479655,14672.649499172445,32,10.097783039424705,5.997682115971721e+24,6.656845817481336e+23,10.18,6.184e+24,6.951e+23,0.004776084941723469,2.0274332183271455,1.9776777664813228e-13,1.978e-13,5.341855462728084e-15,5.561e-15
455.67234469479655,14672.649499172445,64,10.0960594217333,5.998306800031308e+24,6.655868572476684e+23,10.18,6.184e+24,6.951e+23,0.0046269782729768056,2.0212770618167237,1.9769262804273116e-13,1.978e-13,5.342330700030412e-15,5.561e-15
455.67234469479655,14672.649499172445,128,10.09617900115997,5.998315166148296e+24,6.655549449067326e+23,10.18,6.184e+24,6.951e+23,0.004576705304513545,2.0207213763405676,1.9769463192235336e-13,1.978e-13,5.342093464495491e-15,5.561e-15
522.5547507421974,16826.262973898753,32,10.734509208706104,5.994014461634023e+24,6.459749638533001e+23,10.84,6.239e+24,6.789e+23,0.008283827825531581,2.0266026572532643,2.0314915658722427e-13,2.03e-13,6.654925801316279e-15,6.966e-15
522.5547507421974,16826.262973898753,64,10.71320790189842,5.992103088630461e+24,6.442609254679716e+23,10.84,6.239e+24,6.789e+23,0.0056058717057824595,2.0211854648733447,2.0282899112561285e-13,2.03e-13,6.642620126543704e-15,6.966e-15
522.5547507421974,16826.262973898753,128,10.713225778761371,5.992135234727863e+24,6.442321427211672e+23,10.84,6.239e+24,6.789e+23,0.005579497485446579,2.0206755554396363,2.02828075163181e-13,2.03e-13,6.642344431757515e-15,6.966e-15
599.2539830481362,19295.97825414998,32,11.447206002081428,6.016569139718856e+24,6.24131148871507e+23,11.63,6.342e+24,6.638e+23,0.007773680616766387,2.028351039811711,2.0813805458762473e-13,2.084e-13,8.23342168377673e-15,8.699e-15
599.2539830481362,19295.97825414998,64,11.440640835497991,6.015159188570946e+24,6.236058919727602e+23,11.63,6.342e+24,6.638e+23,0.007156234923170934,2.0212724931542043,2.0809431788214733e-13,2.084e-13,8.229327143423659e-15,8.699e-15
599.2539830481362,19295.97825414998,128,11.440495957458918,6.015187174416567e+24,6.235887581042291e+23,11.63,6.342e+24,6.638e+23,0.0071545790036879765,2.0211853146776506,2.0808994962175917e-13,2.084e-13,8.229136783289737e-15,8.699e-15
687.2109299341547,22128.191943879778,32,12.302043478274086,6.072503941002141e+24,6.036844538219654e+23,12.58,6.504e+24,6.497e+23,0.009360849816230402,2.0320225072482865,2.1354890991921468e-13,2.138e-13,1.0152892304411834e-14,1.082e-14
687.2109299341547,22128.191943879778,64,12.299144408132843,6.073605799941574e+24,6.035772639088873e+23,12.58,6.504e+24,6.497e+23,0.009414412306017486,2.02220907079982,2.1342113899430058e-13,2.138e-13,1.0155880364900142e-14,1.082e-14
687.2109299341547,22128.191943879778,128,12.298579012799474,6.073469434826911e+24,6.035314855775976e+23,12.58,6.504e+24,6.497e+23,0.009398245440003871,2.0220935339872415,2.1341936468511608e-13,2.138e-13,1.015531347890377e-14,1.082e-14
788.0779695761014,25376.11062035046,32,13.353607992110785,6.176142005480527e+24,5.861410793701818e+23,13.71,6.736e+24,6.363e+23,0.01358296855221181,2.0346360587853654,2.194748229613081e-13,2.193e-13,1.2498857386358878e-14,1.341e-14
788.0779695761014,25376.11062035046,64,13.311194211657508,6.173596275560894e+24,5.8401170645287904e+23,13.71,6.736e+24,6.363e+23,0.012558519193378002,2.02460084453142,2.1875055560623929e-13,2.193e-13,1.2471806455549792e-14,1.341e-14
788.0779695761014,25376.11062035046,128,13.311019878741917,6.17359899812891e+24,5.839663652832916e+23,13.71,6.736e+24,6.363e+23,0.012533984462767996,2.0241186407583562,2.1874797451316182e-13,2.193e-13,1.2471185497609033e-14,1.341e-14
903.7500119369421,29100.75038436953,32,14.528077692623999,6.325064901164238e+24,5.660454581470567e+23,15.06,7.051e+24,6.235e+23,0.01683995648953292,2.0343233417784985,2.2426378376032535e-13,2.247e-13,1.5255518105843413e-14,1.652e-14
903.7500119369421,29100.75038436953,64,14.505048763611125,6.321530589952106e+24,5.647531217881457e+23,15.06,7.051e+24,6.235e+23,0.016648141316812644,2.0264712130369613,2.2402166721925082e-13,2.247e-13,1.523532468764374e-14,1.652e-14
903.7500119369421,29100.75038436953,128,14.504730664843198,6.321566759127497e+24,5.647176375488088e+23,15.06,7.051e+24,6.235e+23,0.016659498147305444,2.0259848144487242,2.2401287626509872e-13,2.247e-13,1.52346811854282e-14,1.652e-14
1036.4000969540507,33372.08312192043,32,15.918329638006668,6.523609550564575e+24,5.4629800648017096e+23,16.67,7.457e+24,6.109e+23,0.02225577250462298,2.050676646379763,2.292534887447791e-13,2.3e-13,1.85079912291779e-14,2.023e-14
1036.4000969540507,33372.08312192043,64,15.91104844950674,6.523317204734983e+24,5.457211753167359e+23,16.67,7.457e+24,6.109e+23,0.02189359456719517,2.029518247729557,2.2915293746793965e-13,2.3e-13,1.8503048322174177e-14,2.023e-14
1036.4000969540507,33372.08312192043,128,15.909507352411175,6.522936114871312e+24,5.456394708934426e+23,16.67,7.457e+24,6.109e+23,0.02192731673822042,2.029524811440852,2.291495930759377e-13,2.3e-13,1.85011893196593e-14,2.023e-14
1188.5202177361755,38270.351011104845,32,17.615282549239332,6.784351003945674e+24,5.2817489006519676e+23,18.59,7.965e+24,5.98e+23,0.024527573993289305,2.066489517901506,2.352363733594784e-13,2.352e-13,2.2345156614515797e-14,2.459e-14
1188.5202177361755,38270.351011104845,64,17.559400959525355,6.78262282030066e+24,5.2667435174720395e+23,18.59,7.965e+24,5.98e+23,0.02837953712051206,2.0344808543172457,2.3412149437386964e-13,2.352e-13,2.231958499017052e-14,2.459e-14
1188.5202177361755,38270.351011104845,128,17.558364488990307,6.78252234767965e+24,5.265714575201865e+23,18.59,7.965e+24,5.98e+23,0.02837873716738934,2.032685104959703,2.34107168273348e-13,2.352e-13,2.231757298764116e-14,2.459e-14
1362.9681356834856,43887.57396900823,32,19.537784384355355,7.108440471256025e+24,5.0941288525672464e+23,20.86,8.582e+24,5.848e+23,0.033792244055819494,2.1020510809370996,2.394856242014738e-13,2.401e-13,2.6791546880548095e-14,2.966e-14
1362.9681356834856,43887.57396900823,64,19.48789931719182,7.103244605600272e+24,5.0745811709862006e+23,20.86,8.582e+24,5.848e+23,0.036024046803404465,2.039119204254123,2.388676416876263e-13,2.401e-13,2.6737668083030278e-14,2.966e-14
1362.9681356834856,43887.57396900823,128,19.487259434180302,7.103370030006365e+24,5.0739851505406177e+23,20.86,8.582e+24,5.848e+23,0.03607226564917721,2.0367478184858654,2.3884120498949015e-13,2.401e-13,2.6736866811593634e-14,2.966e-14
1563.021067009631,50329.278357710115,32,21.780022400418183,7.488499528898091e+24,4.888549242978262e+23,23.53,9.312e+24,5.708e+23,0.03831162891740664,2.0821662935815533,2.443500941989889e-13,2.448e-13,3.1787673237000964e-14,3.549e-14
1563.021067009631,50329.278357710115,64,21.75893825730007,7.490646756440251e+24,4.887595804930752e+23,23.53,9.312e+24,5.708e+23,0.042196655631046756,2.054969699593088,2.436546466198492e-13,2.448e-13,3.18108028830372e-14,3.549e-14
1563.021067009631,50329.278357710115,128,21.735176138761137,7.487914871344004e+24,4.8806398812908154e+23,23.53,9.312e+24,5.708e+23,0.0449148220747473,2.04152590490861,2.433288105693243e-13,2.448e-13,3.1785506057941326e-14,3.549e-14
1792.4372492324046,57716.479425283425,32,24.43141277225032,7.942381352595871e+24,4.717097263735644e+23,26.66,1.016e+25,5.56e+23,0.04906144161029272,2.2183723639315023,2.484922801045108e-13,2.492e-13,3.762481518684379e-14,4.211e-14
1792.4372492324046,57716.479425283425,64,24.370180686597603,7.938356530117088e+24,4.6902992634002364e+23,26.66,1.016e+25,5.56e+23,0.05091523107521461,2.069751455982269,2.480159472971896e-13,2.492e-13,3.7521411470685735e-14,4.211e-14
1792.4372492324046,57716.479425283425,128,24.34529833758903,7.936517941206345e+24,4.685391726438776e+23,26.66,1.016e+25,5.56e+23,0.055008634831405556,2.046443497453844,2.475625086713144e-13,2.492e-13,3.7505506742496184e-14,4.211e-14
2055.5265442343734,66187.95472434681,32,27.730230925587392,8.529898449923161e+24,4.490172041901069e+23,30.31,1.113e+25,5.404e+23,0.05633727310385039,2.9392046386483712,2.5103586945094307e-13,2.535e-13,4.5068736877319537e-14,4.956e-14
2055.5265442343734,66187.95472434681,64,27.38819824675611,8.451615748382593e+24,4.494321929910185e+23,30.31,1.113e+25,5.404e+23,0.06439605431658224,2.105184895558517,2.5176219014161434e-13,2.535e-13,4.396802186384641e-14,4.956e-14
2055.5265442343734,66187.95472434681,128,27.374333686887844,8.449954062644665e+24,4.489756186517466e+23,30.31,1.113e+25,5.404e+23,0.06505537796383803,2.0541081770603764,2.516254472274216e-13,2.535e-13,4.39506002218845e-14,4.956e-14
2357.2314042578087,75902.85121710143,32,30.8498496112975,9.032182677348876e+24,4.2920043803611095e+23,34.55,1.222e+25,5.239e+23,0.082304162807769,2.31685250213651,2.545710344287147e-13,2.575e-13,5.121466245550387e-14,5.785e-14
2357.2314042578087,75902.85121710143,64,30.86187405537448,9.024369276150145e+24,4.2906307169850075e+23,34.55,1.222e+25,5.239e+23,0.0755200789424425,2.0617808374040507,2.5554050275983533e-13,2.575e-13,5.1111342135902496e-14,5.785e-14
2357.2314042578087,75902.85121710143,128,30.846264259687516,9.022711450146826e+24,4.287999886794085e+23,34.55,1.222e+25,5.239e+23,0.0785515825199182,2.057488839794105,2.5530409959083936e-13,2.575e-13,5.1100439892028173e-14,5.785e-14
2703.2197218785604,87043.67504448963,32,34.894138462923834,9.672976229932896e+24,4.0893094171374146e+23,39.47,1.344e+25,5.067e+23,0.09103690200602416,2.187107738375424,2.585445894734068e-13,2.613e-13,5.914607718395428e-14,6.703e-14
2703.2197218785604,87043.67504448963,64,34.86458978702022,9.661425703657952e+24,4.090041063007362e+23,39.47,1.344e+25,5.067e+23,0.08898847853011944,2.066330247419622,2.5904642667828605e-13,2.613e-13,5.90079234561567e-14,6.703e-14
2703.2197218785604,87043.67504448963,128,34.86251268867372,9.661642313276926e+24,4.08953834917076e+23,39.47,1.344e+25,5.067e+23,0.08983822030662929,2.0663327302774053,2.5896022840271586e-13,2.613e-13,5.901295402395261e-14,6.703e-14
3099.9913082585063,99819.7201259239,32,39.47562157495901,1.0370202905361286e+25,3.88831053892292e+23,45.18,1.48e+25,4.891e+23,0.10706141010544425,2.2233810779184107,2.6186583375741914e-13,2.649e-13,6.778539404456293e-14,7.712e-14
3099.9913082585063,99819.7201259239,64,39.460876999820314,1.0360763665621994e+25,3.890549032146473e+23,45.18,1.48e+25,4.891e+23,0.10350317317140231,2.0686479882844786,2.623970956262335e-13,2.649e-13,6.767613443164237e-14,7.712e-14
3099.9913082585063,99819.7201259239,128,39.46042250671786,1.036090289093544e+25,3.8901994775591774e+23,45.18,1.48e+25,4.891e+23,0.10376793920735813,2.0699114047429163,2.6236181310247313e-13,2.649e-13,6.767950695215684e-14,7.712e-14
3555.000000000002,114471.00000000003,32,44.74090670383595,1.113067746999239e+25,3.691459941145016e+23,51.79,1.632e+25,4.713e+23,0.12208554681179642,2.235704516142139,2.651822359036875e-13,2.685e-13,7.722855590727464e-14,8.816e-14
3555.000000000002,114471.00000000003,64,44.734449842596845,1.11234575836921e+25,3.694049786465242e+23,51.79,1.632e+25,4.713e+23,0.1183124686824629,2.07225932073283,2.6566806556406426e-13,2.685e-13,7.71430018855705e-14,8.816e-14
3555.000000000002,114471.00000000003,128,44.73484072159032,1.1123559022168594e+25,3.6938049478785625e+23,51.79,1.632e+25,4.713e+23,0.11820049260830978,2.0735903400789484,2.6566027800675534e-13,2.685e-13,7.714526084361269e-14,8.816e-14
