E/N(Td),E(V/m),Nr,energy,diffusion,mobility,bolsig_energy,bolsig_defussion,bolsig_mobility,l2_f0,l2_f1,Tg,ion_deg,atol,rtol,g0,bolsig_g0,g2,bolsig_g2
0.004596273291925466,0.148,64.0,0.14139979237953715,3.0469795451143216e+25,2.6904530807327053e+24,0.1414,1.695e+25,1.798e+26,0.0007160662603453129,1.014982966019237,1e-12,0.1,78116.92009947219,7.182840266678068e-06,1.2538791339824047e-15,1.254e-15,0.0,0.0
0.004596273291925466,0.148,64.0,0.14139964939581484,3.052445873645977e+25,1.6615243888553214e+25,0.1414,1.697e+25,1.8e+26,0.0028539463295271053,1.0932484332652093,1e-12,0.01,83551.37217101378,1.038768522814941e-06,1.2528921755560893e-15,1.254e-15,0.0,0.0
0.004596273291925466,0.148,64.0,0.141598013610464,3.0556948637360106e+25,9.177157352650996e+25,0.1416,1.704e+25,1.804e+26,0.00282737863277792,1.513902546906516,1e-12,0.001,45448.17383715626,4.156266523451193e-06,1.2524354755360629e-15,1.254e-15,0.0,0.0
0.0052637116343910734,0.16949151462739254,64.0,0.15659993389241894,3.311812667358966e+25,2.917508870001128e+24,0.1566,1.725e+25,1.652e+26,0.0015650279723644132,1.0177469090289157,1e-12,0.1,93557.7528166163,1.8805165620876937e-06,1.2199932165459036e-15,1.221e-15,0.0,0.0
0.0052637116343910734,0.16949151462739254,64.0,0.15659953208463245,3.3157705427098603e+25,1.8300073253074738e+25,0.1566,1.726e+25,1.653e+26,0.0029252039207607115,1.1118851807073906,1e-12,0.01,89121.60191853966,1.232216636933305e-06,1.2191044847690056e-15,1.221e-15,0.0,0.0
0.0052637116343910734,0.16949151462739254,64.0,0.15689747301913728,3.320362073348859e+25,9.64326810118149e+25,0.1569,1.736e+25,1.659e+26,0.0030020819855761426,1.5879328915887172,1e-12,0.001,42321.53048853216,4.358914554048402e-06,1.2186644884924414e-15,1.22e-15,0.0,0.0
0.006028070658613317,0.19410387520734876,64.0,0.17019991337634258,3.5042509315598284e+25,3.125567255026041e+24,0.1702,1.705e+25,1.503e+26,0.001758984892915391,1.0209219449149805,1e-12,0.1,105618.84205851684,2.7089433913786417e-07,1.2072451486868086e-15,1.209e-15,0.0,0.0
0.006028070658613317,0.19410387520734876,64.0,0.17019939395288886,3.5064258910453535e+25,1.975679678168642e+25,0.1702,1.707e+25,1.504e+26,0.002578009342655917,1.1325872647658448,1e-12,0.01,95625.73849812993,1.444899720255851e-06,1.2067370339537173e-15,1.209e-15,0.0,0.0
0.006028070658613317,0.19410387520734876,64.0,0.17059690524387808,3.5114202959896826e+25,9.843181119942467e+25,0.1706,1.721e+25,1.513e+26,0.002754858380177112,1.6579239136162567,1e-12,0.001,38932.32238347391,4.420451452726008e-06,1.206610094811057e-15,1.208e-15,0.0,0.0
0.006903424501414288,0.22229026894554002,64.0,0.18309988840757804,3.654725963932699e+25,3.3278888886948706e+24,0.1831,1.661e+25,1.361e+26,0.0025537292468557973,1.024685195973497,1e-12,0.1,118467.7024178222,3.2057926704639625e-07,1.2086275832105977e-15,1.211e-15,0.0,0.0
0.006903424501414288,0.22229026894554002,64.0,0.1831992279171295,3.6557418654422374e+25,2.1100026919397707e+25,0.1832,1.664e+25,1.362e+26,0.0024825445746285784,1.15637477508761,1e-12,0.01,102730.18778557987,1.6804554513205051e-06,1.208693937440283e-15,1.211e-15,0.0,0.0
0.006903424501414288,0.22229026894554002,64.0,0.183696303620285,3.6615549720822216e+25,9.8526845525321e+25,0.1837,1.681e+25,1.372e+26,0.002879673609082217,1.7269787314628167,1e-12,0.001,34964.20250359115,4.330611251996557e-06,1.2088441034830504e-15,1.211e-15,0.0,0.0
0.007905891046355131,0.2545696916926352,64.0,0.19389986305416304,3.7526935773528794e+25,3.49393289723552e+24,0.1939,1.611e+25,1.246e+26,0.0018873580536464556,1.0283348108751174,1e-12,0.1,125337.37928716086,3.3915690131193794e-07,1.2206764804793164e-15,1.222e-15,0.0,0.0
0.007905891046355131,0.2545696916926352,64.0,0.19599902834753496,3.7750806817075422e+25,2.235982149769967e+25,0.196,1.607e+25,1.23e+26,0.002707311445745485,1.1837103163211047,1e-12,0.01,110193.50717873858,1.9402388106855123e-06,1.2226965479970815e-15,1.225e-15,0.0,0.0
0.007905891046355131,0.2545696916926352,64.0,0.196695667520017,3.7803190274264273e+25,9.694243884719372e+25,0.1967,1.628e+25,1.242e+26,0.0026100874555669076,1.790307829462246,1e-12,0.001,30392.38918697606,4.080379465620747e-06,1.2239206476131953e-15,1.226e-15,0.0,0.0
0.009053928702201841,0.29153650421089927,64.0,0.20879981956557409,3.8678326155841773e+25,3.7329775730093363e+24,0.2088,1.542e+25,1.108e+26,0.0026037179583240197,1.0340118166008994,1e-12,0.1,144154.23771347143,3.924955559077361e-07,1.2483961364620524e-15,1.25e-15,0.0,0.0
0.009053928702201841,0.29153650421089927,64.0,0.2088987880277437,3.867756341256075e+25,2.353210329295118e+25,0.2089,1.546e+25,1.11e+26,0.0026241027156018895,1.2140283572499424,1e-12,0.01,117767.5129996952,2.2236304827522987e-06,1.2488038804283012e-15,1.251e-15,0.0,0.0
0.009053928702201841,0.29153650421089927,64.0,0.20979501642900555,3.87566619190654e+25,9.398129542038522e+25,0.2098,1.569e+25,1.121e+26,0.0028974870323077748,1.8491033740869738,1e-12,0.001,25414.174295161705,3.682072915706646e-06,1.250450687425228e-15,1.253e-15,0.0,0.0
0.010368676277463601,0.3338713761343279,64.0,0.22209977216645777,3.942661255080441e+25,3.944026900690198e+24,0.2221,1.477e+25,9.974e+25,0.002249359382277196,1.0398622405200448,1e-12,0.1,159088.14443773899,4.833679741729582e-07,1.2857373565890993e-15,1.287e-15,0.0,0.0
0.010368676277463601,0.3338713761343279,64.0,0.22219849635754013,3.943141474875762e+25,2.4656186176729743e+25,0.2222,1.481e+25,9.993e+25,0.002521440451006799,1.2489498239002463,1e-12,0.01,125124.380201472,2.529212143170949e-06,1.286053112433803e-15,1.288e-15,0.0,0.0
0.010368676277463601,0.3338713761343279,64.0,0.2232943470081057,3.950807885005385e+25,8.982078730492733e+25,0.2233,1.507e+25,1.012e+26,0.0028737721427377076,1.8995215910678565,1e-12,0.001,20220.585296533674,3.1543216495502975e-06,1.289024430331107e-15,1.291e-15,0.0,0.0
0.011874342209110943,0.3823538191333723,64.0,0.2357997137050729,4.002663737345346e+25,4.1649182056742977e+24,0.2358,1.41e+25,8.969e+25,0.002689162050139326,1.04690884019137,1e-12,0.1,175549.522658144,7.413496470782669e-07,1.3340653764039938e-15,1.336e-15,0.0,0.0
0.011874342209110943,0.3823538191333723,64.0,0.23599814510081318,4.003356118585437e+25,2.572130188162596e+25,0.236,1.414e+25,8.989e+25,0.0027281075722686353,1.2892182739077742,1e-12,0.01,131893.61469677754,2.8525082849296256e-06,1.3348497568443343e-15,1.337e-15,0.0,0.0
0.011874342209110943,0.3823538191333723,64.0,0.23729368092851733,4.00778948280588e+25,8.473728746191923e+25,0.2373,1.445e+25,9.132e+25,0.0028796393415831175,1.9406882960497123,1e-12,0.001,15189.077348013214,2.546336874339324e-06,1.3400210104822311e-15,1.342e-15,0.0,0.0
0.013598650312339136,0.4378765400573201,64.0,0.2501996406265848,4.0429735276343905e+25,4.392564701202519e+24,0.2502,1.346e+25,8.071e+25,0.002146416967473548,1.0548600022752457,1e-12,0.1,193553.14051553624,6.342330285217106e-07,1.3964161547030826e-15,1.398e-15,0.0,0.0
0.013598650312339136,0.4378765400573201,64.0,0.2503977255211387,4.043430399837373e+25,2.6669404167744967e+25,0.2504,1.351e+25,8.092e+25,0.00226733924985261,1.3325048563330704,1e-12,0.01,137793.01404836448,3.1854590167205826e-06,1.3973402942964154e-15,1.399e-15,0.0,0.0
0.013598650312339136,0.4378765400573201,64.0,0.25199301232282356,4.049617201238952e+25,7.901900263220702e+25,0.252,1.384e+25,8.235e+25,0.002874852363322403,1.973415547041932,1e-12,0.001,10630.35655609768,1.9143807867111843e-06,1.4042820625989812e-15,1.406e-15,0.0,0.0
0.015573350258963675,0.5014618783386303,64.0,0.2651995506853715,4.073040962857422e+25,4.6340093945692567e+24,0.2652,1.282e+25,7.252e+25,0.0029463806896792796,1.0645901592369904,1e-12,0.1,213200.93713791983,1.008075823220194e-06,1.4708557279482402e-15,1.473e-15,0.0,0.0
0.015573350258963675,0.5014618783386303,64.0,0.26549722890531313,4.071791258708837e+25,2.752498058626589e+25,0.2655,1.288e+25,7.277e+25,0.0026541908842405205,1.3820833405698991,1e-12,0.01,142385.6423582525,3.5170277224593887e-06,1.4727909842562277e-15,1.475e-15,0.0,0.0
0.015573350258963675,0.5014618783386303,64.0,0.2674923515057971,4.074183003725917e+25,7.291589337521403e+25,0.2675,1.325e+25,7.431e+25,0.002555545266508218,1.9942883110194016,1e-12,0.001,6854.294640982209,1.3251422423620428e-06,1.4835702545085082e-15,1.485e-15,0.0,0.0
0.017834802183882763,0.5742806303210249,64.0,0.2810994385723978,4.08692618439439e+25,4.885359960931054e+24,0.2811,1.222e+25,6.519e+25,0.003080621718264861,1.0757582019405958,1e-12,0.1,234409.52366557703,8.550418477241123e-07,1.5610674904352629e-15,1.563e-15,0.0,0.0
0.017834802183882763,0.5742806303210249,64.0,0.28149664184571915,4.085048962868158e+25,2.8237842602420788e+25,0.2815,1.229e+25,6.546e+25,0.0025638867208897286,1.4356403833821898,1e-12,0.01,145053.8274306504,3.8301157518814174e-06,1.563847024101848e-15,1.566e-15,0.0,0.0
0.017834802183882763,0.5742806303210249,64.0,0.2838917113275876,4.087956281272023e+25,6.6819466050330766e+25,0.2839,1.268e+25,6.7e+25,0.0028492945311856073,2.0125234090015556,1e-12,0.001,4017.7696357479026,8.336343551257459e-07,1.5779752799348453e-15,1.58e-15,0.0,0.0
0.02042464618396093,0.657673607123542,64.0,0.2980992979966713,4.085290822903382e+25,5.148297896577069e+24,0.2981,1.166e+25,5.865e+25,0.0024804879970322584,1.088527834278613,1e-12,0.1,257079.07006812093,9.94566208738318e-07,1.6690409026267004e-15,1.67e-15,0.0,0.0
0.02042464618396093,0.657673607123542,64.0,0.2984959557395881,4.0874876252606345e+25,2.880043203112923e+25,0.2985,1.171e+25,5.885e+25,0.0028750259821231127,1.4951834539670754,1e-12,0.01,145342.92084963564,4.104332140051464e-06,1.6712798409941362e-15,1.673e-15,0.0,0.0
0.02042464618396093,0.657673607123542,64.0,0.30139105564105917,4.086318379166987e+25,6.08456931609005e+25,0.3014,1.215e+25,6.047e+25,0.0028411497232890587,2.0220714972278135,1e-12,0.001,2099.81534679979,4.6769973515845004e-07,1.690709406793927e-15,1.692e-15,0.0,0.0
0.023390569036811703,0.7531763229853367,64.0,0.3161991230631392,4.073094038958701e+25,5.426611717960913e+24,0.3162,1.112e+25,5.275e+25,0.0022166829067483285,1.1037132283217441,1e-12,0.1,281190.74768779805,1.1495550543082588e-06,1.7950127322003877e-15,1.796e-15,0.0,0.0
0.023390569036811703,0.7531763229853367,64.0,0.3165951650354908,4.074843393405914e+25,2.9144970723106287e+25,0.3166,1.118e+25,5.295e+25,0.002871098681578167,1.5568495962477105,1e-12,0.01,142744.58105347678,4.314411562087179e-06,1.7975823508103655e-15,1.799e-15,0.0,0.0
0.023390569036811703,0.7531763229853367,64.0,0.320090391326809,4.07102036349182e+25,5.520145402026581e+25,0.3201,1.165e+25,5.46e+25,0.0027037736803895086,2.0268495569902307,1e-12,0.001,961.0857634445159,2.3012017337437016e-07,1.8232522521478314e-15,1.824e-15,0.0,0.0
0.026787182257066257,0.8625472686775333,64.0,0.33529890847976873,4.051202571568465e+25,5.717197902944219e+24,0.3353,1.06e+25,4.742e+25,0.0029070261681771745,1.1218405501586235,1e-12,0.1,306699.2453505861,1.3365238783072987e-06,1.939306191536713e-15,1.94e-15,0.0,0.0
0.026787182257066257,0.8625472686775333,64.0,0.33599426036318136,4.050118860345784e+25,2.925525384541116e+25,0.336,1.068e+25,4.766e+25,0.002692325837862933,1.620943994857324,1e-12,0.01,136798.24928390517,4.430400506289768e-06,1.9447839964112076e-15,1.945e-15,0.0,0.0
0.026787182257066257,0.8625472686775333,64.0,0.340089753038728,4.044265918775155e+25,5.001569399442728e+25,0.3401,1.118e+25,4.932e+25,0.003060662692475546,2.031207322891918,1e-12,0.001,378.26820391171145,9.856406772026445e-08,1.9772452739800005e-15,1.978e-15,0.0,0.0
0.03067702765777144,0.9878002905802403,64.0,0.3559986385386999,4.015360754413059e+25,6.020731381858627e+24,0.356,1.013e+25,4.266e+25,0.0026223753527709463,1.142544938040376,1e-12,0.1,332968.69018518156,1.5479196539830409e-06,2.1081838790167132e-15,2.108e-15,0.0,0.0
0.03067702765777144,0.9878002905802403,64.0,0.35669325519388795,4.013985055770135e+25,2.909975666341244e+25,0.3567,1.021e+25,4.291e+25,0.0028131816684800236,1.6862301112971416,1e-12,0.01,127553.92985695224,4.427567065623577e-06,2.1140574216948645e-15,2.115e-15,0.0,0.0
0.03067702765777144,0.9878002905802403,64.0,0.3616890164154597,4.004582033165405e+25,4.526592051917749e+25,0.3617,1.075e+25,4.458e+25,0.0028843589765907506,2.0325087253947256,1e-12,0.001,125.45846781127224,4.060052238096179e-08,2.15661721501645e-15,2.157e-15,0.0,0.0
0.035131728932311444,1.1312416716204283,64.0,0.378098305524469,3.968807856567081e+25,6.333624532590244e+24,0.3781,9.679e+24,3.84e+25,0.002669138344031732,1.166624580589041,1e-12,0.1,359876.6415430853,1.778697252314865e-06,2.3010627976231832e-15,2.301e-15,0.0,0.0
0.035131728932311444,1.1312416716204283,64.0,0.3789921424623024,3.966745609718802e+25,2.8654498661353813e+25,0.379,9.768e+24,3.866e+25,0.0027496042742030696,1.7502942760983267,1e-12,0.01,114818.45076427291,4.278871085700386e-06,2.309119250058206e-15,2.309e-15,0.0,0.0
0.035131728932311444,1.1312416716204283,64.0,0.38488835077611505,3.953622054130206e+25,4.099306864064566e+25,0.3849,1.035e+25,4.034e+25,0.0029868582439996107,2.0341650840745933,1e-12,0.001,43.47576984137698,3.1313473646137364e-08,2.3627109034501363e-15,2.363e-15,0.0,0.0
0.040233310460921996,1.295512596841688,64.0,0.4017978947136285,3.912881153213201e+25,6.655708529783861e+24,0.4018,9.26e+24,3.456e+25,0.0029468684260144373,1.194702306419244,1e-12,0.1,386815.82883420034,2.0414587308701983e-06,2.520880185414798e-15,2.521e-15,0.0,0.0
0.040233310460921996,1.295512596841688,64.0,0.40299094130281177,3.9091186764269994e+25,2.79090452663801e+25,0.403,9.36e+24,3.484e+25,0.002653852334620938,1.811040809077784,1e-12,0.01,99225.54951162146,3.974149062661278e-06,2.532269872605347e-15,2.532e-15,0.0,0.0
0.040233310460921996,1.295512596841688,64.0,0.4100875039413658,3.891514205887932e+25,3.7128894217062913e+25,0.4101,9.986e+24,3.652e+25,0.00281152480294772,2.0348240099589474,1e-12,0.001,32.551473215259215,3.5662017902438266e-08,2.6006766814081847e-15,2.6e-15,0.0,0.0
0.04607570762497151,1.4836377855240823,64.0,0.42749738365737666,3.845482068664719e+25,6.983119637387623e+24,0.4275,8.875e+24,3.114e+25,0.002678064434698702,1.226562798296919,1e-12,0.1,412834.06737718283,2.33156410434735e-06,2.772824947933272e-15,2.771e-15,0.0,0.0
0.04607570762497151,1.4836377855240823,64.0,0.4288896668014729,3.841706632458792e+25,2.6869386179421995e+25,0.4289,8.982e+24,3.141e+25,0.0026435508733880717,1.8662206585524428,1e-12,0.01,81645.82959458524,3.5186676401875206e-06,2.786843884027349e-15,2.785e-15,0.0,0.0
0.04607570762497151,1.4836377855240823,64.0,0.43728676292350444,3.8194412007338403e+25,3.366797036252854e+25,0.4373,9.65e+24,3.309e+25,0.0028667423116281524,2.036139910118937,1e-12,0.001,37.60242730251474,4.5518498891017215e-08,2.8722240441646354e-15,2.871e-15,0.0,0.0
0.05276649643841433,1.6990811853169412,64.0,0.4550967582008856,3.770249436012693e+25,7.311314370377845e+24,0.4551,8.515e+24,2.806e+25,0.0027682383374080673,1.2632929227668461,1e-12,0.1,437144.454139157,2.6455150300026034e-06,3.0574602730083342e-15,3.056e-15,0.0,0.0
0.05276649643841433,1.6990811853169412,64.0,0.456788358573969,3.7655010592149416e+25,2.5567724440212333e+25,0.4568,8.631e+24,2.834e+25,0.002750339166855691,1.9140848539223843,1e-12,0.01,63448.86661271971,2.9452585331504684e-06,3.0753339158894733e-15,3.073e-15,0.0,0.0
0.05276649643841433,1.6990811853169412,64.0,0.46678606595170624,3.738000059491452e+25,3.055790835958908e+25,0.4668,9.344e+24,3.002e+25,0.002921068066407756,2.0375956760276086,1e-12,0.001,44.27014039203128,5.8122970067144164e-08,3.1820537509155514e-15,3.18e-15,0.0,0.0
0.060428874344106466,1.9458097538802281,64.0,0.4850959863317026,3.684531547675062e+25,7.632533715164322e+24,0.4851,8.186e+24,2.531e+25,0.002164470669929555,1.3040480108221495,1e-12,0.1,458071.9597608645,2.9761683484179425e-06,3.381102181529285e-15,3.378e-15,0.0,0.0
0.060428874344106466,1.9458097538802281,64.0,0.48698702318287534,3.6810392177986733e+25,2.404943247142841e+25,0.487,8.307e+24,2.558e+25,0.002811017563893981,1.9529070490498728,1e-12,0.01,45989.99698425315,2.3028473094389356e-06,3.4024327074307185e-15,3.4e-15,0.0,0.0
0.060428874344106466,1.9458097538802281,64.0,0.49888531883363785,3.6478644367729e+25,2.775753306686292e+25,0.4989,9.066e+24,2.725e+25,0.0029126536060462356,2.0387807269654785,1e-12,0.001,50.63929016701937,7.23143501020952e-08,3.535230278623201e-15,3.532e-15,0.0,0.0
0.06920392864737154,2.2283665024453634,64.0,0.5172950554836332,3.594164435012932e+25,7.942016667558341e+24,0.5173,7.875e+24,2.283e+25,0.0023302762455317096,1.3509009694753435,1e-12,0.1,474841.89253062644,3.3154254670286113e-06,3.7439076892275144e-15,3.741e-15,0.0,0.0
0.06920392864737154,2.2283665024453634,64.0,0.5198856197183338,3.5868551405310475e+25,2.2361236456686076e+25,0.5199,8.015e+24,2.312e+25,0.002225912568544163,1.9784399394018388,1e-12,0.01,30601.538104660518,1.6556268959862802e-06,3.773699488944863e-15,3.77e-15,0.0,0.0
0.06920392864737154,2.2283665024453634,64.0,0.5337847193634292,3.5501674765513907e+25,2.5240162181660266e+25,0.5338,8.815e+24,2.477e+25,0.002951369678368648,2.0401345735423786,1e-12,0.001,58.501389918196445,9.096219497781356e-08,3.935970162327319e-15,3.932e-15,0.0,0.0
0.07925323435546623,2.5519541462460125,64.0,0.5521939297120719,3.497370083909507e+25,8.229140223685233e+24,0.5522,7.585e+24,2.06e+25,0.0023439671574990257,1.403025787507584,1e-12,0.1,485403.70326986414,3.6478128781036154e-06,4.1528154307260324e-15,4.149e-15,0.0,0.0
0.07925323435546623,2.5519541462460125,64.0,0.5551843200089948,3.4908661984006096e+25,2.064110758574856e+25,0.5552,7.733e+24,2.089e+25,0.002847338708823915,2.0024807762644414,1e-12,0.01,18576.14652818977,1.0865853114991327e-06,4.189357999530896e-15,4.185e-15,0.0,4.319e-35
0.07925323435546623,2.5519541462460125,64.0,0.5718839566698095,3.4449629004172277e+25,2.2964901201259396e+25,0.5719,8.593e+24,2.253e+25,0.002715714156341647,2.040119318350703,1e-12,0.001,64.97643314089801,1.1026322077752815e-07,4.390673276265669e-15,4.386e-15,0.0,1.676e-32
0.09076182925694376,2.9225309020735883,64.0,0.589992583065053,3.395229196631595e+25,8.481597930481009e+24,0.59,7.317e+24,1.86e+25,0.0023434953042704423,1.4601922296244747,1e-12,0.1,488001.1631272033,3.954402747396147e-06,4.612007994273251e-15,4.607e-15,0.0,0.0
0.09076182925694376,2.9225309020735883,64.0,0.5938828560112779,3.3848299170422697e+25,1.8885407981960988e+25,0.5939,7.487e+24,1.891e+25,0.0022282475788158052,2.0114008483792083,1e-12,0.01,9974.80955756594,6.3199230847497e-07,4.6600989592299135e-15,4.654e-15,0.0,0.0
0.09076182925694376,2.9225309020735883,64.0,0.6133834444006305,3.3340384413651e+25,2.0915826990519293e+25,0.6134,8.396e+24,2.053e+25,0.0025154095765334878,2.0397285482198337,1e-12,0.001,73.12218858885296,1.3565254439258266e-07,4.903974759795427e-15,4.899e-15,0.0,3.441e-31
0.10394162102102827,3.34692019687711,64.0,0.6308909942704021,3.288743700104743e+25,8.685228708691426e+24,0.6309,7.068e+24,1.68e+25,0.002395633164958612,1.5218020782592392,1e-12,0.1,480992.21281778585,4.208595435910831e-06,5.1256931753756596e-15,5.12e-15,0.0,1.459e-31
0.10394162102102827,3.34692019687711,64.0,0.6356814305184133,3.2765073502170264e+25,1.7214497446465655e+25,0.6357,7.256e+24,1.712e+25,0.0022887683114527282,2.018689069256361,1e-12,0.01,4692.223074584403,3.2225310012693057e-07,5.186852218109417e-15,5.18e-15,0.0,1.879e-31
0.10394162102102827,3.34692019687711,64.0,0.6586829956222584,3.218743617724317e+25,1.9068055681491106e+25,0.6587,8.22e+24,1.872e+25,0.002222821380570993,2.0394535468926316,1e-12,0.001,81.19461775439208,1.651461223430345e-07,5.483372192879838e-15,5.477e-15,9.196874182611413e-31,4.885e-30
0.11903528905189532,3.8329363074710283,64.0,0.6753891289878886,3.1778464020703003e+25,8.824639674311134e+24,0.6754,6.839e+24,1.519e+25,0.0020827351751950226,1.5859528316436877,1e-12,0.1,462615.53146252694,4.378299525239515e-06,5.701652061489689e-15,5.694e-15,1.6409898634652457e-29,1.916e-29
0.11903528905189532,3.8329363074710283,64.0,0.6811798819319655,3.1638728904576843e+25,1.564548188008493e+25,0.6812,7.047e+24,1.552e+25,0.002085609445833777,2.0209943962067176,1e-12,0.01,1875.882343521592,1.4015130615355563e-07,5.777843387799138e-15,5.771e-15,1.8864259996514703e-29,2.419e-29
0.11903528905189532,3.8329363074710283,64.0,0.7080830066618483,3.100342655344586e+25,1.740226142562643e+25,0.7081,8.066e+24,1.708e+25,0.002016908334525866,2.039245005996683,1e-12,0.001,90.7379429764565,2.0304926664510608e-07,6.135322819866082e-15,6.129e-15,5.353733007519086e-29,5.78e-29
0.13632075294267035,4.3895282447539845,64.0,0.7234869965098418,3.0650277934847292e+25,8.88596242998596e+24,0.7235,6.626e+24,1.374e+25,0.0018603918130300138,1.6520467784510144,1e-12,0.1,432487.2355292508,4.433871523548492e-06,6.342579055901683e-15,6.335e-15,2.4934542792837427e-28,2.306e-28
0.13632075294267035,4.3895282447539845,64.0,0.7306781760637538,3.0487865168127066e+25,1.4205744944253355e+25,0.7307,6.856e+24,1.407e+25,0.0018213462941345253,2.0215684220898598,1e-12,0.01,621.75332763749,5.166829841049242e-08,6.4399194940466995e-15,6.432e-15,2.9770262673804835e-28,2.884e-28
0.13632075294267035,4.3895282447539845,64.0,0.7619835436335032,2.9799450197842956e+25,1.589804848957341e+25,0.762,7.93e+24,1.561e+25,0.001793673913754447,2.0392216081143406,1e-12,0.001,101.07689822165148,2.498776383875707e-07,6.867977368102704e-15,6.861e-15,5.796258990670341e-28,6.297e-28
0.15611628980675524,5.026944531777518,64.0,0.7755845948643725,2.951000594791904e+25,8.856535185692769e+24,0.7756,6.427e+24,1.243e+25,0.0017085944899802319,1.7179617470039703,1e-12,0.1,390773.51689931,4.34552698482646e-06,7.056145737308664e-15,7.048e-15,2.1081827952714084e-27,2.144e-27
0.15611628980675524,5.026944531777518,64.0,0.7843764183234017,2.9325716452222333e+25,1.2903361468223095e+25,0.7844,6.683e+24,1.278e+25,0.001762515746062129,2.02193772327145,1e-12,0.01,173.40491217765782,2.1807167712574552e-08,7.178406102108146e-15,7.171e-15,2.6160471287619163e-27,2.707e-27
0.15611628980675524,5.026944531777518,64.0,0.8208838030887375,2.858462998425049e+25,1.4535945523483027e+25,0.8209,7.813e+24,1.428e+25,0.001514834152732044,2.03901318414435,1e-12,0.001,109.34912311982755,2.993226728264538e-07,7.691437572120972e-15,7.683e-15,5.456739052351571e-27,5.764e-27
0.17878639471186417,5.756921909722025,64.0,0.8319819458829574,2.8367265014947848e+25,8.726912883758446e+24,0.832,6.24e+24,1.125e+25,0.0015658850578350147,1.7812292836741426,1e-12,0.1,338961.88969440135,4.092903002116135e-06,7.849156069481778e-15,7.841e-15,1.737802224995372e-26,1.731e-26
0.17878639471186417,5.756921909722025,64.0,0.8428743807938954,2.8156997725629437e+25,1.172658497826713e+25,0.8429,6.525e+24,1.161e+25,0.001568834412299225,2.021790897390885,1e-12,0.01,68.84182501313066,2.0248989368077083e-08,8.004618128420097e-15,7.997e-15,2.18906262679465e-26,2.218e-26
0.17878639471186417,5.756921909722025,64.0,0.8849858421326537,2.7374156644903134e+25,1.330533147129798e+25,0.885,7.71e+24,1.307e+25,0.001389138379448406,2.0391503770976107,1e-12,0.001,121.55536569883462,3.6896162330084503e-07,8.612289302533497e-15,8.603e-15,4.3465355244823596e-26,4.588e-26
0.20474849212489665,6.592901446421671,64.0,0.8929790891074737,2.7231194210825446e+25,8.493570397301101e+24,0.893,6.065e+24,1.019e+25,0.0014206505791665195,1.8394404076262805,1e-12,0.1,280013.35115538904,3.675555476912689e-06,8.728913981157104e-15,8.721e-15,1.2337928165101483e-25,1.232e-25
0.20474849212489665,6.592901446421671,64.0,0.9064721083094409,2.6992987946950217e+25,1.0667299996629743e+25,0.9065,6.383e+24,1.056e+25,0.0013663741002593137,2.0218038996371077,1e-12,0.01,67.33161708957324,2.3672861597943502e-08,8.926447454947532e-15,8.917e-15,1.5838218786707578e-25,1.602e-25
0.20474849212489665,6.592901446421671,64.0,0.9547893927533111,2.6176270080168464e+25,1.2190290178074675e+25,0.9548,7.622e+24,1.197e+25,0.001246436344771162,2.0393560118374277,1e-12,0.001,135.21433427223005,4.5332453741089894e-07,9.642083862547136e-15,9.633e-15,3.0083831020367993e-25,3.187e-25
0.23448062194542896,7.550276026642811,64.0,0.9589760591313596,2.6108571858827916e+25,8.160268028986985e+24,0.959,5.9e+24,9.228e+24,0.001323587263820759,1.8900127270570455,1e-12,0.1,218192.225838074,3.1336018905667343e-06,9.704839862130997e-15,9.696e-15,7.774908124894266e-25,7.756e-25
0.23448062194542896,7.550276026642811,64.0,0.9754685341306295,2.5843949461980227e+25,9.71518281917344e+24,0.9755,6.254e+24,9.616e+24,0.001249876647002235,2.0221141118280284,1e-12,0.01,83.95404371272363,8.875343929052087e-09,9.95244890197505e-15,9.943e-15,1.0092389195352372e-24,1.024e-24
0.23448062194542896,7.550276026642811,64.0,1.0309899089644836,2.4996170376942937e+25,1.117525426233407e+25,1.031,7.547e+24,1.098e+25,0.0008645072300097591,2.0389578049547854,1e-12,0.001,141.53700441703705,5.391286982088107e-07,1.0796562814039546e-14,1.078e-14,1.837813986820158e-24,1.939e-24
0.2685302416507011,8.646673781152575,64.0,1.0299729631216241,2.501165764144526e+25,7.741682573346831e+24,1.03,5.744e+24,8.364e+24,0.0012837500319641156,1.9316575691556326,1e-12,0.1,158967.86663495423,4.4662921819564e-06,1.0781141689602178e-14,1.077e-14,4.327985093016684e-24,4.342e-24
0.2685302416507011,8.646673781152575,64.0,1.0499680560707456,2.472159564150973e+25,8.862355241219933e+24,1.05,6.138e+24,8.765e+24,0.0014523719291041034,2.0235855649396663,1e-12,0.01,103.88055834792728,9.415957285899056e-08,1.1089044900410962e-14,1.109e-14,5.671203914683138e-24,5.81e-24
0.2685302416507011,8.646673781152575,64.0,1.1130057088434508,2.3856368500120228e+25,1.0261258081461039e+25,1.113,7.482e+24,1.008e+25,0.0011820459478623455,2.0401293385468695,1e-12,0.001,170.261002841279,6.539846881460184e-07,1.2073115186701508e-14,1.207e-14,9.724609236707104e-24,1.037e-23
0.3075243066259261,9.902282673354819,64.0,1.1069696624348,2.3936701159780756e+25,7.254472694381206e+24,1.107,5.596e+24,7.584e+24,0.0008857041123809822,1.9622590996362377,1e-12,0.1,106468.4978618992,3.5147149790656148e-06,1.1978255924951524e-14,1.197e-14,2.1753216426644292e-23,2.167e-23
0.3075243066259261,9.902282673354819,64.0,1.1309657760097598,2.3623638766841064e+25,8.091346697603733e+24,1.131,6.034e+24,7.999e+24,0.001474980798126188,2.02447084639067,1e-12,0.01,122.62044707140893,4.946546758982258e-07,1.2357550136895802e-14,1.236e-14,2.8558593018298225e-23,2.934e-23
0.3075243066259261,9.902282673354819,64.0,1.2020235441357525,2.275141866378797e+25,9.428263737775991e+24,1.202,7.426e+24,9.263e+24,0.001239367612007157,2.040699116292477,1e-12,0.001,193.92045501114674,7.61440177928772e-07,1.3497679537369861e-14,1.349e-14,4.5635971088510696e-23,4.887e-23
0.3521808142889655,11.340222220104687,64.0,1.188966409367329,2.290645720646553e+25,6.732895632909366e+24,1.189,5.455e+24,6.882e+24,0.0009266557773775441,1.9844070023612346,1e-12,0.1,65227.66074693999,1.1477060341784907e-05,1.3286589730508118e-14,1.328e-14,9.654902532239792e-23,9.654e-23
0.3521808142889655,11.340222220104687,64.0,1.2189611521544321,2.255587593924684e+25,7.393975190256575e+24,1.219,5.941e+24,7.311e+24,0.0008194111394151745,2.0238839028204985,1e-12,0.01,120.37772395112113,6.215831125445154e-07,1.3773715986532987e-14,1.376e-14,1.2954399813751965e-22,1.318e-22
0.3521808142889655,11.340222220104687,64.0,1.2980414198840582,2.1691351643884555e+25,8.671305977033601e+24,1.298,7.377e+24,8.522e+24,0.0010463259377017126,2.0404808880194962,1e-12,0.001,211.88456593040644,1.7555205554713904e-06,1.5079585235650397e-14,1.507e-14,1.8980778668146431e-22,2.031e-22
0.4033220245712514,12.986969191194293,64.0,1.275963037021406,2.192506181537243e+25,6.204910443906973e+24,1.276,5.321e+24,6.254e+24,0.0010489235793964217,1.9985400113894314,1e-12,0.1,36097.04218079306,4.106943744490261e-05,1.471224337614451e-14,1.471e-14,3.8054331619323357e-22,3.824e-22
0.4033220245712514,12.986969191194293,64.0,1.3119582130645457,2.15487378005397e+25,6.777911210854705e+24,1.312,5.859e+24,6.698e+24,0.0007532230813385004,2.02494479232234,1e-12,0.01,145.3188762050424,1.1591591338567395e-06,1.5313385759334706e-14,1.53e-14,5.123989461294352e-22,5.23e-22
0.4033220245712514,12.986969191194293,64.0,1.400062754332241,2.0691916543315423e+25,7.990468170223069e+24,1.4,7.334e+24,7.856e+24,0.0008826888916654236,2.0403603175912672,1e-12,0.001,232.8243540895539,1.3332548797300244e-06,1.6812272929549314e-14,1.681e-14,6.927287012011689e-22,7.409e-22
0.4618896001835664,14.872845125910835,64.0,1.3669589851348447,2.100434148827339e+25,5.698614746823991e+24,1.367,5.196e+24,5.702e+24,0.0007243986300109884,2.005517503246337,1e-12,0.1,18013.72927550723,4.0848078295565994e-07,1.6244992905236423e-14,1.623e-14,1.327016385576946e-21,1.328e-21
0.4618896001835664,14.872845125910835,64.0,1.4089523664315755,2.061147873178464e+25,6.236918413862038e+24,1.409,5.787e+24,6.163e+24,0.00045726699895268566,2.0251616287340375,1e-12,0.01,158.735356861627,9.500828719729945e-07,1.696668516789828e-14,1.695e-14,1.769844328020287e-21,1.8e-21
0.4618896001835664,14.872845125910835,64.0,1.5060830563521082,1.9770059384757657e+25,7.38720313810351e+24,1.506,7.296e+24,7.267e+24,0.0004315328809791408,2.0396451810983662,1e-12,0.001,254.58836055079755,1.6541521098065719e-06,1.867017336218656e-14,1.865e-14,2.197532507158864e-21,2.342e-21
0.52896194544428,17.032574643305814,64.0,1.4579539070729657,2.017648549319146e+25,5.246142460297926e+24,1.458,5.083e+24,5.231e+24,0.00044959861443012695,2.0088760499402634,1e-12,0.1,8366.740879668276,2.908346690475186e-06,1.782066003960083e-14,1.78e-14,3.957891076001827e-21,3.951e-21
0.52896194544428,17.032574643305814,64.0,1.5039540890522254,1.9788926643263855e+25,5.785242151214319e+24,1.504,5.727e+24,5.71e+24,0.0009748836978438568,2.0276331293945185,1e-12,0.01,241.27119728194327,5.571575205628376e-07,1.8633545642186057e-14,1.863e-14,5.092295751815544e-21,5.239e-21
0.52896194544428,17.032574643305814,64.0,1.6111955546101226,1.8955049205780265e+25,6.871430397547799e+24,1.611,7.263e+24,6.761e+24,0.0005422545413192241,2.0401086540123545,1e-12,0.001,333.2709354587937,2.3346527864121653e-06,2.0570451242725822e-14,2.056e-14,5.9198580811091166e-21,6.335e-21
0.6057740629297513,19.50592482633799,64.0,1.5439476798575678,1.9467695808031913e+25,4.867185701907579e+24,1.544,4.985e+24,4.843e+24,0.0006000092191078314,2.01140616244123,1e-12,0.1,3820.273052913621,4.687635610235833e-07,1.934962830279781e-14,1.934e-14,9.884240661127853e-21,9.9e-21
0.6057740629297513,19.50592482633799,64.0,1.5949457455058274,1.9076982273240923e+25,5.410229037400495e+24,1.595,5.678e+24,5.34e+24,0.00048231928912263847,2.0276154126631014,1e-12,0.01,283.3067125002902,6.37041966627638e-08,2.0274608380952012e-14,2.026e-14,1.2443942786383836e-20,1.274e-20
0.6057740629297513,19.50592482633799,64.0,1.7124049077005892,1.824932998141971e+25,6.436807551024399e+24,1.712,7.233e+24,6.334e+24,0.0005311206435915124,2.040225761262423,1e-12,0.001,450.3495914013784,3.485513478119418e-06,2.2455308413980015e-14,2.245e-14,1.3641014201100388e-20,1.463e-20
0.6937402935672496,22.338437452865435,64.0,1.6229388300659477,1.8871513803871453e+25,4.5572420293114654e+24,1.623,4.902e+24,4.531e+24,0.0004845897558609071,2.0123580541678963,1e-12,0.1,1779.120247620908,1.4270545217208187e-07,2.0788539295723364e-14,2.078e-14,2.1025372010939667e-20,2.106e-20
0.6937402935672496,22.338437452865435,64.0,1.676950744952646,1.84905556613917e+25,5.111631862621079e+24,1.677,5.638e+24,5.042e+24,0.0007490664780236612,2.0291247908239423,1e-12,0.01,422.85171444786414,3.255426622056354e-07,2.1791175318631315e-14,2.179e-14,2.5573910306865777e-20,2.633e-20
0.6937402935672496,22.338437452865435,64.0,1.8077319563343435,1.7645320863913882e+25,6.073004887550303e+24,1.807,7.207e+24,5.979e+24,0.0002802834771336813,2.03940687497303,1e-12,0.001,600.3217211215631,5.043683945610668e-06,2.4279975506604867e-14,2.426e-14,2.7444386949844583e-20,2.936e-20
0.794480358883548,25.58226755605024,64.0,1.693927791509525,1.837537044260413e+25,4.306498209103643e+24,1.694,4.832e+24,4.278e+24,0.0006065001913673641,2.013533998527944,1e-12,0.1,882.4043398919596,8.56601310018995e-08,2.2109936457488685e-14,2.21e-14,3.9034807434683173e-20,3.919e-20
0.794480358883548,25.58226755605024,64.0,1.7519509102303625,1.799456014589408e+25,4.865919478463012e+24,1.752,5.606e+24,4.799e+24,0.0005796562260789508,2.029333981044197,1e-12,0.01,563.214853500081,4.922380499967277e-07,2.3209410531671107e-14,2.32e-14,4.65468166721939e-20,4.79e-20
0.794480358883548,25.58226755605024,64.0,1.8971772558879834,1.7125175492680508e+25,5.765320472486313e+24,1.896,7.183e+24,5.681e+24,0.0005733573694654406,2.0383185058633955,1e-12,0.001,766.8786669562917,6.926498569016742e-06,2.6035167208810754e-14,2.6e-14,4.944101341860305e-20,5.264e-20
0.9098491849249116,29.29714375458215,64.0,1.7589125865369921,1.7950753591532062e+25,4.0974541777390773e+24,1.759,4.772e+24,4.069e+24,0.0004961576247800576,2.013881682838929,1e-12,0.1,492.93940080752293,2.047801467874315e-08,2.334300493564259e-14,2.333e-14,6.580701719726851e-20,6.604e-20
0.9098491849249116,29.29714375458215,64.0,1.820952515754914,1.7568712517732981e+25,4.659694084274074e+24,1.821,5.578e+24,4.595e+24,0.000365960432890576,2.0294895424306283,1e-12,0.01,737.048247837315,7.005485442718779e-07,2.4540443083632428e-14,2.453e-14,7.728810852893756e-20,7.941e-20
0.9098491849249116,29.29714375458215,64.0,1.9809984768603732,1.6673725535899191e+25,5.502271726982381e+24,1.979,7.161e+24,5.425e+24,0.000983281993183589,2.037251884901685,1e-12,0.001,1017.0675980090831,9.806317120521776e-06,2.771723225673312e-14,2.766e-14,8.172679573416928e-20,8.676e-20
1.0419710569960936,33.55146803527421,64.0,1.8188944690835904,1.7581562077796427e+25,3.920026198910391e+24,1.819,4.719e+24,3.891e+24,0.0005680981930361923,2.0146858427614727,1e-12,0.1,408.64109081462834,1.23558117660779e-08,2.4500937180544432e-14,2.449e-14,1.0314226151237605e-19,1.036e-19
1.0419710569960936,33.55146803527421,64.0,1.8849878284441348,1.7197132936494128e+25,4.483187844032342e+24,1.885,5.554e+24,4.419e+24,0.0005116240331584103,2.030513112910097,1e-12,0.01,1062.1106823463983,1.029757480419749e-06,2.5797970462120026e-14,2.579e-14,1.1959351137517886e-19,1.233e-19
1.0419710569960936,33.55146803527421,64.0,2.0612241027643803,1.6270593463808692e+25,5.270420174507341e+24,2.058,7.14e+24,5.2e+24,0.001512295250419717,2.0361315029605356,1e-12,0.001,1310.1148757746444,1.3426652438633979e-05,2.936014074535751e-14,2.928e-14,1.2699988476603396e-19,1.344e-19
1.1932787341092774,38.423575238318726,64.0,1.8758706034663994,1.7249426636537583e+25,3.7638981392610855e+24,1.876,4.672e+24,3.735e+24,0.0004878375930806854,2.015005002325152,1e-12,0.1,453.6419739393289,2.1905804675582667e-08,2.5618310501864732e-14,2.561e-14,1.5388053632295398e-19,1.546e-19
1.1932787341092774,38.423575238318726,64.0,1.9469996040725246,1.6857077085855225e+25,4.324364469862687e+24,1.947,5.533e+24,4.263e+24,0.0002443674301274061,2.0303577446707117,1e-12,0.01,1325.747538365896,1.3490845134971228e-06,2.7035972800519522e-14,2.702e-14,1.7754589600763237e-19,1.825e-19
1.1932787341092774,38.423575238318726,64.0,2.1396926824976226,1.5900889415355557e+25,5.060219278247405e+24,2.135,7.12e+24,4.998e+24,0.002377748314692522,2.0344030832037787,1e-12,0.001,1563.4484786367414,1.6989019062763388e-05,3.0997445844249436e-14,3.088e-14,1.8921179220214725e-19,1.989e-19
1.3665582433570207,44.00317543609606,64.0,1.9308399810425971,1.6944790315095377e+25,3.62363947222857e+24,1.931,4.628e+24,3.596e+24,0.0003836413626904282,2.015160625517059,1e-12,0.1,539.4167959382848,3.7393444427037204e-08,2.671228348020627e-14,2.67e-14,2.2134250148450977e-19,2.222e-19
1.3665582433570207,44.00317543609606,64.0,2.006119317613021,1.6549510555500494e+25,4.1828891167471617e+24,2.006,5.513e+24,4.122e+24,0.0005073875268066842,2.0316325582301658,1e-12,0.01,1948.0418265962562,2.0657024289019977e-06,2.8234477302291725e-14,2.823e-14,2.527421907326465e-19,2.61e-19
1.3665582433570207,44.00317543609606,64.0,2.2169081768834085,1.5558508766773634e+25,4.867562975245428e+24,2.21,7.1e+24,4.813e+24,0.003190597366649719,2.032464450058689,1e-12,0.001,1847.642343298139,2.1230777530819092e-05,3.2637013708540566e-14,3.249e-14,2.7214888608530297e-19,2.846e-19
1.5650001790076373,50.39300576404591,64.0,1.983811177690153,1.6664793246965776e+25,3.497252270050628e+24,1.984,4.588e+24,3.468e+24,0.0006920887666115674,2.0165027872476267,1e-12,0.1,924.1656398495949,9.930116063838888e-08,2.7781132800072844e-14,2.778e-14,3.083143546231075e-19,3.108e-19
1.5650001790076373,50.39300576404591,64.0,2.065227352758952,1.6256944180473633e+25,4.050192646457553e+24,2.065,5.495e+24,3.991e+24,0.00038731962666394145,2.0316812909329998,1e-12,0.01,2523.7237029869825,2.784569393194855e-06,2.9450221728001234e-14,2.944e-14,3.5250845139977005e-19,3.64e-19
1.5650001790076373,50.39300576404591,64.0,2.294848095589326,1.523233230777291e+25,4.685839778343894e+24,2.286,7.081e+24,4.64e+24,0.004500290171420744,2.029808409425055,1e-12,0.001,1923.3830763339786,2.3400791472153255e-05,3.4319540917762853e-14,3.411e-14,3.8282997907484524e-19,3.969e-19
1.7922584508928707,57.71072211875043,64.0,2.0367709071688695,1.639733228373118e+25,3.3787560946569757e+24,2.037,4.549e+24,3.349e+24,0.0007322405356204783,2.017165530286633,1e-12,0.1,1252.1870883602326,1.8097237496351673e-07,2.8863892569790214e-14,2.887e-14,4.220871280240424e-19,4.259e-19
1.7922584508928707,57.71072211875043,64.0,2.1243715115840294,1.597807515948185e+25,3.9253592161663497e+24,2.124,5.478e+24,3.868e+24,0.00023376603347942024,2.0317763216719458,1e-12,0.01,3190.562622660322,3.6625629494297384e-06,3.06838427688322e-14,3.067e-14,4.825580042624372e-19,4.978e-19
1.7922584508928707,57.71072211875043,64.0,2.373029135133457,1.492298557419585e+25,4.5150644849080667e+24,2.361,7.061e+24,4.476e+24,0.005611211939797082,2.027477610644395,1e-12,0.001,2012.2599143103146,2.588871399730934e-05,3.603400892914153e-14,3.577e-14,5.268729834476377e-19,5.425e-19
2.052517563821466,66.09106555505119,64.0,2.089723509212528,1.6141465201354382e+25,3.2674820938666053e+24,2.09,4.513e+24,3.238e+24,0.0007858516075132347,2.0177206355985042,1e-12,0.1,1703.1166536542237,2.2044123997626302e-07,2.9960384434715603e-14,2.997e-14,5.686082263790894e-19,5.744e-19
2.052517563821466,66.09106555505119,64.0,2.1836551895497562,1.5711466114535137e+25,3.807485197266913e+24,2.183,5.461e+24,3.751e+24,0.00021426910981043866,2.0321619158439064,1e-12,0.01,4171.448805783963,4.981159877407517e-06,3.193715662624431e-14,3.192e-14,6.496266405872714e-19,6.707e-19
2.052517563821466,66.09106555505119,64.0,2.4529092166309354,1.4623616348286453e+25,4.351278696668291e+24,2.438,7.04e+24,4.32e+24,0.006906572126988742,2.0247370542690764,1e-12,0.001,1872.0323101901822,2.549367032226895e-05,3.7812192078495915e-14,3.747e-14,7.145692701791233e-19,7.301e-19
2.3505696668339597,75.68834327205349,64.0,2.1436539280966187,1.5892046962356287e+25,3.16095158628191e+24,2.144,4.477e+24,3.132e+24,0.0006031672282070672,2.0177363364131056,1e-12,0.1,1975.3303673366636,2.569121952177266e-07,3.10910977254902e-14,3.109e-14,7.589464754528798e-19,7.652e-19
2.3505696668339597,75.68834327205349,64.0,2.244835309181987,1.544885741316764e+25,3.692778326389423e+24,2.244,5.445e+24,3.639e+24,0.00043474930791575817,2.0313930471635437,1e-12,0.01,4857.924551963639,6.034374736593562e-06,3.324769488631517e-14,3.321e-14,8.682556517072784e-19,8.931e-19
2.3505696668339597,75.68834327205349,64.0,2.5346220076113877,1.433329720093892e+25,4.19380051593934e+24,2.517,7.019e+24,4.17e+24,0.008157322798527473,2.0217828120178267,1e-12,0.001,1574.5470433603612,2.271977544267482e-05,3.9657518660721555e-14,3.924e-14,9.55882892037073e-19,9.705e-19
2.691902791006036,86.67926987039434,64.0,2.198562455718583,1.5648813887548362e+25,3.0589649112517236e+24,2.199,4.443e+24,3.031e+24,0.00035058310411082853,2.017565226079224,1e-12,0.1,2191.4669121074276,3.08407428882362e-07,3.225645305774896e-14,3.225e-14,1.0033904505039614e-18,1.01e-18
2.691902791006036,86.67926987039434,64.0,2.306423256487907,1.5196453401118192e+25,3.5838074852045436e+24,2.305,5.429e+24,3.531e+24,0.00044567925721414857,2.0317298843370453,1e-12,0.01,6306.376069628377,8.144094456577138e-06,3.458401318931733e-14,3.454e-14,1.1443486690715831e-18,1.178e-18
2.691902791006036,86.67926987039434,64.0,2.618461571823126,1.4050589208027635e+25,4.041750948540724e+24,2.598,6.998e+24,4.025e+24,0.009309701832744238,2.019095983365561,1e-12,0.001,1198.9000661698349,1.8352954882885124e-05,4.157713087943257e-14,4.109e-14,1.2641874790972122e-18,1.277e-18
3.0828019005224205,99.26622119682193,64.0,2.2534982546293576,1.5415680393689579e+25,2.9629456175700586e+24,2.254,4.41e+24,2.934e+24,0.0006858049432519475,2.0189260031894563,1e-12,0.1,3482.331228462878,4.930005780944274e-07,3.343627429255989e-14,3.344e-14,1.3089785415352542e-18,1.322e-18
3.0828019005224205,99.26622119682193,64.0,2.3701514072164556,1.4946973833676986e+25,3.4773190699307347e+24,2.368,5.413e+24,3.427e+24,0.0006529239179022655,2.0316381151708756,1e-12,0.01,7788.787206264756,1.0468694224631942e-05,3.598414217133881e-14,3.593e-14,1.4998020757179836e-18,1.543e-18
3.0828019005224205,99.26622119682193,64.0,2.7047758183729154,1.3774132429234721e+25,3.8942964950652653e+24,2.681,6.975e+24,3.883e+24,0.010289089045920942,2.016637995908386,1e-12,0.001,815.7127620828312,1.3268648462233108e-05,4.357961570617732e-14,4.303e-14,1.6545071501631261e-18,1.667e-18
3.530464617673983,113.68096068910222,64.0,2.310404454963342,1.5184172984066264e+25,2.869316105807641e+24,2.311,4.377e+24,2.841e+24,0.0007470267872867005,2.0195957397198927,1e-12,0.1,4662.028989619239,6.767192175416757e-07,3.4672608340823065e-14,3.468e-14,1.7010404338712066e-18,1.719e-18
3.530464617673983,113.68096068910222,64.0,2.436760983450902,1.469800324540501e+25,3.3722415993310646e+24,2.434,5.398e+24,3.325e+24,0.001249523441952166,2.030701629828154,1e-12,0.01,8800.517485728316,1.2325406303248824e-05,3.7465731301160035e-14,3.739e-14,1.9591989114739025e-18,2.008e-18
3.530464617673983,113.68096068910222,64.0,2.794048762634656,1.3502332358427161e+25,3.7505285144440236e+24,2.768,6.952e+24,3.744e+24,0.011123068554277903,2.014268113555789,1e-12,0.001,462.47067977023613,8.005838042843078e-06,4.5677011197361534e-14,4.506e-14,2.1486113266506187e-18,2.16e-18
4.043133752621497,130.1889068344122,64.0,2.3692823822511118,1.4954727079570096e+25,2.7781913906318804e+24,2.37,4.345e+24,2.75e+24,0.0007100606090485821,2.019995941411291,1e-12,0.1,5893.329629419655,8.812614831327931e-07,3.596646027533088e-14,3.597e-14,2.2014093785951264e-18,2.225e-18
4.043133752621497,130.1889068344122,64.0,2.50517191256809,1.4453946792541982e+25,3.2703733606783e+24,2.501,5.383e+24,3.225e+24,0.0015416822777425034,2.030409556926411,1e-12,0.01,10630.907746817034,1.5521042191334674e-05,3.9005865643864935e-14,3.891e-14,2.5394370303867204e-18,2.599e-18
4.043133752621497,130.1889068344122,64.0,2.886711712668725,1.3234086695676574e+25,3.6097784615223274e+24,2.859,6.927e+24,3.607e+24,0.01183256476208786,2.011999102396475,1e-12,0.001,215.53112570842387,3.978170414520715e-06,4.788045353578585e-14,4.721e-14,2.768787092419674e-18,2.782e-18
4.630249078195615,149.09402031789878,64.0,2.430142614428573,1.472758527089883e+25,2.689647442677693e+24,2.431,4.314e+24,2.662e+24,0.0006897058052012431,2.0204736762412776,1e-12,0.1,7487.354772328371,1.1600250710613198e-06,3.7318954084249945e-14,3.733e-14,2.8362760504735204e-18,2.867e-18
4.630249078195615,149.09402031789878,64.0,2.5772772331243017,1.4208504955032908e+25,3.1690567946313805e+24,2.572,5.367e+24,3.127e+24,0.0022878835486422437,2.029142618664534,1e-12,0.01,11474.908484195654,1.7493798653932793e-05,4.064844657846623e-14,4.051e-14,3.2874951203682782e-18,3.351e-18
4.630249078195615,149.09402031789878,64.0,2.9832388441793447,1.2968195505508222e+25,3.471438991384688e+24,2.953,6.901e+24,3.473e+24,0.01245779116236443,2.009622135717476,1e-12,0.001,81.98591470077295,1.617294108957165e-06,5.020235958734792e-14,4.947e-14,3.549341981787407e-18,3.566e-18
5.302621144361235,170.74440084843175,64.0,2.4930130157448134,1.4502950079867047e+25,2.60371661661561e+24,2.494,4.283e+24,2.576e+24,0.0007853765151850995,2.0211599734558185,1e-12,0.1,9969.532529580612,1.5959027602719743e-06,3.8731506928924405e-14,3.875e-14,3.637509422301604e-18,3.681e-18
5.302621144361235,170.74440084843175,64.0,2.6522386007660796,1.3965160471895857e+25,3.0697331602806266e+24,2.645,5.352e+24,3.031e+24,0.0029351462191152936,2.0280537084895447,1e-12,0.01,12602.783092599753,2.0078080084488828e-05,4.237592738885827e-14,4.22e-14,4.2357290847093495e-18,4.304e-18
5.302621144361235,170.74440084843175,64.0,3.0841428957498414,1.2703709756419697e+25,3.334972307104625e+24,3.052,6.874e+24,3.34e+24,0.013032160589924518,2.007089296197372,1e-12,0.001,23.65032368292234,4.996519898092682e-07,5.265635264126286e-14,5.187e-14,4.524874608844585e-18,4.549e-18
6.072630332790698,195.53869671586045,64.0,2.5588194609112933,1.4277978347762657e+25,2.5192969094332195e+24,2.56,4.253e+24,2.492e+24,0.0007026289561890743,2.0214638064626507,1e-12,0.1,12221.766400453049,2.025602008914324e-06,4.022594475226278e-14,4.024e-14,4.657694605368764e-18,4.712e-18
6.072630332790698,195.53869671586045,64.0,2.731097688570521,1.3721258460509544e+25,2.971259688073468e+24,2.722,5.336e+24,2.936e+24,0.003764533281447197,2.0264984074080368,1e-12,0.01,12728.770052267628,2.124061231407416e-05,4.421372744004666e-14,4.399e-14,5.44706641472757e-18,5.51e-18
6.072630332790698,195.53869671586045,64.0,3.189887539438024,1.2439939202012963e+25,3.200014281578188e+24,3.156,6.845e+24,3.209e+24,0.013556708661353917,2.0040704490364183,1e-12,0.001,4.9970195898130605,1.1320195523838122e-07,5.525508612834419e-14,5.442e-14,5.743014602538404e-18,5.78e-18
6.95445481673609,223.93344509890204,64.0,2.626731117574375,1.4055964435827106e+25,2.437609413011659e+24,2.628,4.223e+24,2.41e+24,0.000906123114332286,2.0224873882385057,1e-12,0.1,16777.769953461662,2.880186131100919e-06,4.17843086990839e-14,4.181e-14,5.935542862288721e-18,6.016e-18
6.95445481673609,223.93344509890204,64.0,2.8139043439023546,1.347733766639201e+25,2.8738920292049425e+24,2.803,5.32e+24,2.842e+24,0.004708326994017318,2.0247154977147077,1e-12,0.01,11962.143407637945,2.0946770846369838e-05,4.616461038485402e-14,4.588e-14,6.984732242932866e-18,7.034e-18
6.95445481673609,223.93344509890204,64.0,3.3008480202541337,1.2176471774501529e+25,3.066387021840017e+24,3.265,6.815e+24,3.079e+24,0.014135046836920077,2.0008484192941074,1e-12,0.001,0.7377490172683812,1.799368277477281e-08,5.800915163027908e-14,5.712e-14,7.25912326846863e-18,7.317e-18
7.964331623624089,256.45147828069565,64.0,2.6984975669415716,1.3831775545424453e+25,2.3567574198412893e+24,2.7,4.194e+24,2.33e+24,0.0007437922487273583,2.022602715499645,1e-12,0.1,20107.424673371723,3.57551350952291e-06,4.3447792753261456e-14,4.346e-14,7.566288237026382e-18,7.664e-18
7.964331623624089,256.45147828069565,64.0,2.900656472381812,1.3234178865792663e+25,2.777905410702483e+24,2.887,5.305e+24,2.75e+24,0.005568708741923372,2.023004223383843,1e-12,0.01,10867.187178330114,1.9992145692597517e-05,4.822985805014808e-14,4.789e-14,8.927823292762727e-18,8.957e-18
7.964331623624089,256.45147828069565,64.0,3.4173797436514812,1.1913109870782592e+25,2.9339866856555184e+24,3.38,6.784e+24,2.95e+24,0.014739239780763438,1.997130528237333,1e-12,0.001,0.3632548045206394,9.535741600328442e-09,6.092864942990925e-14,5.998e-14,9.147314607643715e-18,9.229e-18
9.120855607316805,293.6915505556011,64.0,2.7733333288981594,1.3608639678135888e+25,2.2779207456094076e+24,2.775,4.166e+24,2.252e+24,0.0007026447542645927,2.023001773208235,1e-12,0.1,25095.89551590618,4.628283745515477e-06,4.519935349689868e-14,4.522e-14,9.619726410803121e-18,9.742e-18
9.120855607316805,293.6915505556011,64.0,2.9919066696149477,1.2990923545996764e+25,2.682967757236088e+24,2.976,5.289e+24,2.658e+24,0.006458063115909486,2.021157537626044,1e-12,0.01,8789.855191228002,1.7027670867146227e-05,5.0423826009212753e-14,5.002e-14,1.1378935919463324e-17,1.138e-17
9.120855607316805,293.6915505556011,64.0,3.5397961065640393,1.1649797026940142e+25,2.802796143889199e+24,3.501,6.75e+24,2.822e+24,0.015322441363942084,1.9928494746313958,1e-12,0.001,0.34657003987421514,9.803193998007614e-09,6.402256672787243e-14,6.302e-14,1.1480845896735273e-17,1.16e-17
10.445321835012647,336.3393630874072,64.0,2.851391251465513,1.338659506992588e+25,2.2011134792177634e+24,2.853,4.138e+24,2.175e+24,0.0008309972717233838,2.0237664648955844,1e-12,0.1,33023.05859222939,6.3209927536452456e-06,4.7043248702173457e-14,4.707e-14,1.2190671454254257e-17,1.236e-17
10.445321835012647,336.3393630874072,64.0,3.087742331701925,1.2748071313721188e+25,2.5892805688437596e+24,3.069,5.272e+24,2.568e+24,0.007199937692072404,2.0192554421357216,1e-12,0.01,6492.159731480444,1.3264263325537047e-05,5.2749658851478924e-14,5.229e-14,1.4457830520735858e-17,1.442e-17
10.445321835012647,336.3393630874072,64.0,3.6684014345212974,1.1386521640923995e+25,2.6728419073883994e+24,3.628,6.715e+24,2.696e+24,0.01590334384444908,1.9879662685037678,1e-12,0.001,0.3298027995509755,9.883954719111007e-09,6.729954086316238e-14,6.624e-14,1.4365802863523203e-17,1.454e-17
11.962117693154518,385.1801897195754,64.0,2.9335757909382973,1.3163841380722025e+25,2.1256801860389884e+24,2.935,4.111e+24,2.1e+24,0.0008753316409511973,2.0243108778015264,1e-12,0.1,42091.88211108051,8.369283051436628e-06,4.9001552123880897e-14,4.903e-14,1.543470378826717e-17,1.566e-17
11.962117693154518,385.1801897195754,64.0,3.1885611957219533,1.2505441075375724e+25,2.496741245772266e+24,3.168,5.256e+24,2.478e+24,0.007936925067220702,2.0174767226970114,1e-12,0.01,4078.9136400906573,8.815602585799302e-06,5.521779023555137e-14,5.47e-14,1.8318133797180885e-17,1.825e-17
11.962117693154518,385.1801897195754,64.0,3.8033769584346855,1.1123600271520348e+25,2.544291179661223e+24,3.761,6.679e+24,2.571e+24,0.016409368331273044,1.9824927589261367,1e-12,0.001,0.9336687816946088,9.097936950278173e-09,7.076485835598968e-14,6.965e-14,1.7923359991470545e-17,1.817e-17
13.699171932188445,441.1133362164679,64.0,3.0206626739604054,1.2939127449867989e+25,2.051257255740315e+24,3.022,4.085e+24,2.027e+24,0.0006755604515071954,2.0242590266968796,1e-12,0.1,49712.0032048402,1.0287484047500624e-05,5.10935799584329e-14,5.111e-14,1.9544367109054487e-17,1.981e-17
13.699171932188445,441.1133362164679,64.0,3.2946789562028154,1.2263023558304367e+25,2.4053564292593074e+24,3.272,5.239e+24,2.389e+24,0.008531795107271535,2.015712180771361,1e-12,0.01,2201.48278904262,5.043439517715883e-06,5.783644753901878e-14,5.727e-14,2.313575171706021e-17,2.304e-17
13.699171932188445,441.1133362164679,64.0,3.9448994046655876,1.0861385717693866e+25,2.4173297444666921e+24,3.901,6.641e+24,2.447e+24,0.016892922357097783,1.97626286392219,1e-12,0.001,1.2513050567208466,9.296332812168834e-09,7.442341356826431e-14,7.326e-14,2.2285735856934398e-17,2.264e-17
15.688468918430294,505.16869917345537,64.0,3.112224297350912,1.271456431705701e+25,1.9785462948845432e+24,3.113,4.06e+24,1.955e+24,0.0005540371379221154,2.0242430885303846,1e-12,0.1,60061.55684112269,1.2940240956469588e-05,5.33095184327718e-14,5.332e-14,2.4698105144444187e-17,2.503e-17
15.688468918430294,505.16869917345537,64.0,3.4065925777865695,1.2020527684514705e+25,2.3150095025415076e+24,3.383,5.223e+24,2.302e+24,0.009062051152309833,2.0139183055356673,1e-12,0.01,956.2085250233628,2.3263510306850717e-06,6.061806507047086e-14,6e-14,2.915670481011486e-17,2.904e-17
15.688468918430294,505.16869917345537,64.0,4.09308975280564,1.0600332770733742e+25,2.292209549964834e+24,4.048,6.601e+24,2.326e+24,0.0172647336762476,1.9693278963664647,1e-12,0.001,0.20197312617685795,4.915120355942738e-09,7.827833069630613e-14,7.708e-14,2.7630392214117854e-17,2.812e-17
17.966637561956226,578.5257294949904,64.0,3.2095707877494055,1.2487907652956621e+25,1.9068411132513838e+24,3.21,4.036e+24,1.885e+24,0.00021313261142367527,2.0236962075044955,1e-12,0.1,66723.84849040286,1.5002707638153049e-05,5.568117897700904e-14,5.567e-14,3.121974513397021e-17,3.158e-17
17.966637561956226,578.5257294949904,64.0,3.524820607509459,1.1777705707504997e+25,2.2256189382833556e+24,3.499,5.206e+24,2.215e+24,0.00954143112279356,2.0118464938841147,1e-12,0.01,336.2528604129989,8.708871889600843e-07,6.357532121862024e-14,6.291e-14,3.664581459923596e-17,3.652e-17
17.966637561956226,578.5257294949904,64.0,4.24788709740063,1.0341263360347418e+25,2.1693320383721355e+24,4.202,6.559e+24,2.206e+24,0.01745123602647983,1.9616910581785902,1e-12,0.001,0.20717005973136704,6.304018895293943e-09,8.232755511951579e-14,8.109e-14,3.4157227925601167e-17,3.484e-17
20.575625764441646,662.5351496150209,64.0,3.312453394580308,1.2260837968493649e+25,1.8367034347221288e+24,3.312,4.013e+24,1.817e+24,0.0003192285871178164,2.0230936421668675,1e-12,0.1,73770.06468217958,1.7330168147623736e-05,5.82021695931382e-14,5.817e-14,3.941038606843194e-17,3.979e-17
20.575625764441646,662.5351496150209,64.0,3.649908079759375,1.1534422265676604e+25,2.1371326096531818e+24,3.623,5.189e+24,2.129e+24,0.010008520247700771,2.0095577941139,1e-12,0.01,87.72224182448687,2.4244671373371285e-07,6.672113803649816e-14,6.601e-14,4.5967506570142075e-17,4.586e-17
20.575625764441646,662.5351496150209,64.0,4.409221148830272,1.0085044007708872e+25,2.0491067439127475e+24,4.363,6.516e+24,2.088e+24,0.01729116855296226,1.9537839725753228,1e-12,0.001,1.543710881971286,8.299084514836326e-09,8.656825034121524e-14,8.531e-14,4.21105853348439e-17,4.305e-17
23.56347280555146,758.7438243387569,64.0,3.4216436574465625,1.2032788938052788e+25,1.767946594995789e+24,3.42,3.991e+24,1.75e+24,0.0007582636545812824,2.022272014596949,1e-12,0.1,78000.09522174073,1.917278613950521e-05,6.089033764266972e-14,6.082e-14,4.97114162911419e-17,5.007e-17
23.56347280555146,758.7438243387569,64.0,3.7823823354163597,1.1290648584222788e+25,2.0495554621236768e+24,3.754,5.172e+24,2.044e+24,0.010472182570853316,2.0068303275082022,1e-12,0.01,16.533974704951486,4.8861673794711374e-08,7.006741275065263e-14,6.931e-14,5.753827672720707e-17,5.747e-17
23.56347280555146,758.7438243387569,64.0,4.57681915936734,9.83282941518262e+24,1.9320781613505584e+24,4.531,6.472e+24,1.974e+24,0.016942794927406468,1.9451495188994528,1e-12,0.001,0.4176779247050724,2.454000562521152e-09,9.099159981460859e-14,8.972e-14,5.178809236481939e-17,5.306e-17
26.985193889826295,868.9232432524066,64.0,3.5375480144981895,1.1804037686858356e+25,1.700679527583948e+24,3.534,3.971e+24,1.684e+24,0.0013019852184067424,2.0211463050855,1e-12,0.1,79427.24225563598,2.0459071753343534e-05,6.375387680718336e-14,6.365e-14,6.263465491536135e-17,6.295e-17
26.985193889826295,868.9232432524066,64.0,3.922757921171132,1.1046527103866236e+25,1.9629365131044453e+24,3.893,5.154e+24,1.96e+24,0.010926204685876848,2.0036438316223526,1e-12,0.01,3.1403442947624374,9.937108864306725e-09,7.362494693934511e-14,7.283e-14,7.18835409387382e-17,7.19e-17
26.985193889826295,868.9232432524066,64.0,4.750352274904959,9.585829753922309e+24,1.818809303286446e+24,4.705,6.426e+24,1.862e+24,0.016240545688281652,1.9362080089312736,1e-12,0.001,0.9437500640678169,6.601626378965679e-09,9.55864256543946e-14,9.432e-14,6.354957308647156e-17,6.525e-17
30.90379314121971,995.1021391472746,64.0,3.660844857939021,1.1574508725176195e+25,1.6348737970897432e+24,3.655,3.953e+24,1.62e+24,0.0018840735153937468,2.01982012195373,1e-12,0.1,75411.43154887277,2.0387686532779346e-05,6.68067366896181e-14,6.665e-14,7.884022733380239e-17,7.905e-17
30.90379314121971,995.1021391472746,64.0,4.071534224169301,1.080228660976513e+25,1.8773629199577124e+24,4.04,5.137e+24,1.878e+24,0.011355946250055145,1.9999624629863715,1e-12,0.01,2.8368043425321043,9.631021944259312e-09,7.740318304099563e-14,7.656e-14,8.960013971044735e-17,8.978e-17
30.90379314121971,995.1021391472746,64.0,4.929285364443281,9.345594508609938e+24,1.7099556108248554e+24,4.885,6.379e+24,1.754e+24,0.01504881131344837,1.9273546093451033,1e-12,0.001,0.21741398273370782,8.072319302579014e-09,1.0033498662384843e-13,9.908e-14,7.784497747750701e-17,8.008e-17
35.391423697546976,1139.6038430610126,64.0,3.7921821629617383,1.1344372653159869e+25,1.570562355440692e+24,3.785,3.937e+24,1.558e+24,0.002570794277892346,2.0182348698440586,1e-12,0.1,63635.62784354691,1.8098529691183946e-05,7.006092003666114e-14,6.985e-14,9.913243734651763e-17,9.915e-17
35.391423697546976,1139.6038430610126,64.0,4.2292141367224865,1.0558240999110488e+25,1.792944739353625e+24,4.197,5.121e+24,1.796e+24,0.011692022342194849,1.9957118329466423,1e-12,0.01,2.744045629918471,9.990260556960326e-09,8.141043362571674e-14,8.053e-14,1.1149075049545252e-16,1.119e-16
35.391423697546976,1139.6038430610126,64.0,5.113043227128289,9.113474892169854e+24,1.6061422402155195e+24,5.071,6.332e+24,1.651e+24,0.013402818401384093,1.9189194066544535,1e-12,0.001,0.15326415731119497,8.005836537966855e-09,1.0521699022565502e-13,1.04e-13,9.523168882262801e-17,9.812e-17
40.53071626565561,1305.0890637541106,64.0,3.931855807591246,1.1114433770616415e+25,1.5079657008171186e+24,3.923,3.922e+24,1.498e+24,0.0031558645250905613,2.0165846249397714,1e-12,0.1,49249.592677798006,1.4751273853985253e-05,7.35182109296829e-14,7.326e-14,1.2443184093411285e-16,1.242e-16
40.53071626565561,1305.0890637541106,64.0,4.396284973386739,1.0314809570803242e+25,1.7098232943204593e+24,4.363,5.104e+24,1.716e+24,0.012016360446188933,1.9907456561496213,1e-12,0.01,2.4375108050183707,9.529261231317688e-09,8.56531550085753e-14,8.474e-14,1.384323614871208e-16,1.392e-16
40.53071626565561,1305.0890637541106,64.0,5.300864817137537,8.891200988232055e+24,1.508016960095909e+24,5.262,6.284e+24,1.552e+24,0.011291288893797132,1.911364576635285,1e-12,0.001,0.2306861227065929,6.2431023624692e-09,1.1020528400118702e-13,1.09e-13,1.1639518298278204e-16,1.201e-16
46.41630059999364,1494.604879319795,64.0,4.080572542387829,1.0884944017684131e+25,1.4471066057739182e+24,4.07,3.91e+24,1.439e+24,0.003628573698109594,2.0150136914283148,1e-12,0.1,33870.85671580808,1.0707476400976557e-05,7.718882311743244e-14,7.689e-14,1.5588929410041158e-16,1.555e-16
46.41630059999364,1494.604879319795,64.0,4.5732270794759335,1.0072497262163404e+25,1.6281639084981683e+24,4.539,5.089e+24,1.638e+24,0.012195420798147444,1.9852106173637105,1e-12,0.01,2.246710345219722,9.408270988241993e-09,9.013579430758244e-14,8.92e-14,1.7153262821387844e-16,1.729e-16
46.41630059999364,1494.604879319795,64.0,5.4919415926271355,8.680239237996384e+24,1.4161458116145526e+24,5.457,6.236e+24,1.459e+24,0.009148811625000709,1.9052178335749987,1e-12,0.001,0.14456315508226694,2.233617726485766e-09,1.1526892076040614e-13,1.142e-13,1.422677074594759e-16,1.469e-16
53.156547919549126,1711.6408430094816,64.0,4.239138763620971,1.0656102715967507e+25,1.3879976260761253e+24,4.227,3.901e+24,1.381e+24,0.00404592662165229,2.0134110115111943,1e-12,0.1,20117.56554107031,6.720535302566798e-06,8.10832602531987e-14,8.075e-14,1.9498245773995154e-16,1.944e-16
53.156547919549126,1711.6408430094816,64.0,4.7604926287844584,9.831969710040493e+24,1.5481643919770998e+24,4.727,5.074e+24,1.561e+24,0.012286193736225772,1.9788825218447643,1e-12,0.01,1.9878275345558387,8.90784945929452e-09,9.485990340411104e-14,9.391e-14,2.121208316562791e-16,2.143e-16
53.156547919549126,1711.6408430094816,64.0,5.685487371312535,8.481552358076862e+24,1.3309591977513113e+24,5.655,6.188e+24,1.373e+24,0.008126345796096614,1.9008927961603783,1e-12,0.001,0.16724368093034836,3.5274966371471546e-09,1.2037428367760954e-13,1.194e-13,1.7400840906231115e-16,1.797e-16
60.875566346269956,1960.1932363498922,64.0,4.408518110311312,1.0428076426958616e+25,1.3306295063152052e+24,4.395,3.895e+24,1.326e+24,0.004292510901992896,2.011827599801068,1e-12,0.1,9996.078280159916,3.5352892617144543e-06,8.521327618808811e-14,8.485e-14,2.4339856889991624e-16,2.428e-16
60.875566346269956,1960.1932363498922,64.0,4.958516187366941,9.593974121094926e+24,1.4700485156963518e+24,4.925,5.06e+24,1.487e+24,0.012161112435357599,1.9717941593128518,1e-12,0.01,1.862284079198313,8.891189128416557e-09,9.982390024630776e-14,9.888e-14,2.618195866855268e-16,2.652e-16
60.875566346269956,1960.1932363498922,64.0,5.880689723699977,8.296503258231792e+24,1.2527599769162303e+24,5.855,6.14e+24,1.292e+24,0.009940495466908231,1.8986958168698913,1e-12,0.001,0.1388727263222129,1.3011992505389723e-09,1.254830866370463e-13,1.246e-13,2.1309697913121174e-16,2.201e-16
69.71548610695689,2244.8386526440113,64.0,4.589865171457093,1.0201062250899884e+25,1.2749758515401204e+24,4.576,3.893e+24,1.272e+24,0.004421806302142305,2.0100921840935735,1e-12,0.1,3973.7402948224394,1.4904294108603228e-06,8.959202192241941e-14,8.921e-14,3.034737577293656e-16,3.03e-16
69.71548610695689,2244.8386526440113,64.0,5.1676972569831,9.359442920048925e+24,1.3940713718276467e+24,5.136,5.047e+24,1.414e+24,0.011753076173873065,1.9639828715977146,1e-12,0.01,1.7180171801734954,8.705475629362189e-09,1.0502203958278195e-13,1.041e-13,3.22567561221527e-16,3.277e-16
69.71548610695689,2244.8386526440113,64.0,6.076906123012485,8.125680628126702e+24,1.1816407426186746e+24,6.058,6.094e+24,1.219e+24,0.014238644246870455,1.8998338983326353,1e-12,0.001,0.08902350120981248,6.931517996423291e-09,1.3055683504015723e-13,1.298e-13,2.614700157425783e-16,2.699e-16
79.83907657603422,2570.8182657483017,64.0,4.7844889329117555,9.975308214300123e+24,1.2210189713826772e+24,4.771,3.895e+24,1.22e+24,0.00447974558529308,2.008101004806904,1e-12,0.1,1220.8359509839813,4.861603610941794e-07,9.423231688288946e-14,9.385e-14,3.7774116449841634e-16,3.777e-16
79.83907657603422,2570.8182657483017,64.0,5.38843051586422,9.129392651500361e+24,1.3205075005038472e+24,5.36,5.036e+24,1.344e+24,0.010875269088658346,1.9557968492953453,1e-12,0.01,1.8656941341758817,9.946725402905763e-09,1.1044437764040789e-13,1.096e-13,3.967168162030819e-16,4.043e-16
79.83907657603422,2570.8182657483017,64.0,6.273751724891538,7.969282683302224e+24,1.1174808303473712e+24,6.261,6.049e+24,1.152e+24,0.02015644502943114,1.9023327810268253,1e-12,0.001,0.4070355845876737,2.6108765200484337e-09,1.3555833617582157e-13,1.35e-13,3.216437890652121e-16,3.318e-16
91.4327433467866,2944.1343357665282,64.0,4.9938376125144295,9.751193586103072e+24,1.1687612979586747e+24,4.981,3.901e+24,1.17e+24,0.004435964122025561,2.005804024904067,1e-12,0.1,277.2654327827966,1.1747819280731888e-07,9.914532135567687e-14,9.876e-14,4.69648304676846e-16,4.704e-16
91.4327433467866,2944.1343357665282,64.0,5.6211040371787835,8.905010370230895e+24,1.2496520971905847e+24,5.596,5.028e+24,1.276e+24,0.009593874403854667,1.9469016597072464,1e-12,0.01,1.734797720299191,9.68704213663044e-09,1.1607582545204674e-13,1.153e-13,4.872664978232195e-16,4.981e-16
91.4327433467866,2944.1343357665282,64.0,6.471253360158882,7.827169357563164e+24,1.0599449905269756e+24,6.466,6.007e+24,1.092e+24,0.026975419120931807,1.9070361829822071,1e-12,0.001,0.547683650385672,3.179943921293348e-09,1.4045553015248785e-13,1.4e-13,3.9692353976985723e-16,4.089e-16
104.70996051611155,3371.6607286187914,64.0,5.219512957372681,9.529304547325383e+24,1.1182246105198054e+24,5.208,3.913e+24,1.122e+24,0.0043244813258005955,2.0031384147243583,1e-12,0.1,43.98647733910973,1.9848487567141835e-08,1.0433968494538014e-13,1.04e-13,5.8310036443963185e-16,5.853e-16
104.70996051611155,3371.6607286187914,64.0,5.8661508008521785,8.68767001548828e+24,1.1818058139768947e+24,5.847,5.022e+24,1.211e+24,0.007680271177567259,1.9377035746664286,1e-12,0.01,1.6539881574624604,9.787520978441264e-09,1.2189611816385797e-13,1.212e-13,5.977066828166946e-16,6.13e-16
104.70996051611155,3371.6607286187914,64.0,6.670035571719296,7.698863496079065e+24,1.0084990823263294e+24,6.674,5.967e+24,1.038e+24,0.034153301124953614,1.913701259371047,1e-12,0.001,0.29489301065135626,6.148101700119242e-09,1.4522464346942933e-13,1.45e-13,4.91249466915969e-16,5.054e-16
119.91520138142039,3861.2694844817356,64.0,5.4632996936483345,9.310383051702281e+24,1.0694467573452333e+24,5.453,3.931e+24,1.075e+24,0.004114504439587924,2.000026683366638,1e-12,0.1,20.12878284253852,9.68108706566061e-09,1.0982089016834649e-13,1.095e-13,7.232675886184723e-16,7.277e-16
119.91520138142039,3861.2694844817356,64.0,6.124134868547314,8.478721726118069e+24,1.1172563045669243e+24,6.112,5.019e+24,1.149e+24,0.00515400270175297,1.928362882284596,1e-12,0.01,1.530674572421933,9.425570617896067e-09,1.2788039654599924e-13,1.273e-13,7.325920045484157e-16,7.537e-16
119.91520138142039,3861.2694844817356,64.0,6.871364588292488,7.583569481565314e+24,9.624947283277683e+23,6.884,5.931e+24,9.895e+23,0.041484599978345166,1.9215701914482057,1e-12,0.001,0.13252976101901334,2.9561091247242566e-09,1.498544641449556e-13,1.499e-13,6.09674249407602e-16,6.266e-16
137.32843992557926,4421.975765603652,64.0,5.727234486239546,9.095394339638896e+24,1.022472490270392e+24,5.72,3.956e+24,1.031e+24,0.0037350455461548685,1.9964449492630911,1e-12,0.1,19.233706042197216,9.870331006122834e-09,1.1559115875947688e-13,1.153e-13,8.959041512689913e-16,9.039e-16
137.32843992557926,4421.975765603652,64.0,6.395820786839003,8.279616792911998e+24,1.0562687032429539e+24,6.393,5.02e+24,1.09e+24,0.0024307010412489777,1.9193563265758853,1e-12,0.01,1.3064341481270474,5.143639650915736e-09,1.339989668983012e-13,1.336e-13,8.97407656068354e-16,9.263e-16
137.32843992557926,4421.975765603652,64.0,7.077918219904013,7.479702529049647e+24,9.210663929829555e+23,7.1,5.898e+24,9.465e+23,0.04733940678365011,1.930215956989631,1e-12,0.001,0.1863494911309769,1.493777717258671e-09,1.5435334635663128e-13,1.546e-13,7.590003165346185e-16,7.79e-16
157.27030597569808,5064.103852417477,64.0,6.0136761854177205,8.885436042826855e+24,9.773503490562318e+23,6.01,3.989e+24,9.888e+23,0.0031140812793710093,1.9924792384811398,1e-12,0.1,17.18031120711773,9.403044497708638e-09,1.2164895652730134e-13,1.214e-13,1.1087497038714686e-15,1.122e-15
157.27030597569808,5064.103852417477,64.0,6.682346617101708,8.091868499945922e+24,9.990582951905564e+23,6.691,5.026e+24,1.035e+24,0.004441544569257894,1.9110121494643693,1e-12,0.01,2.6165726791451234,5.195462321793999e-09,1.4021907581778896e-13,1.4e-13,1.099175895816169e-15,1.138e-15
157.27030597569808,5064.103852417477,64.0,7.292571994163313,7.386701870791802e+24,8.835461035117208e+23,7.472,6.38e+24,8.992e+23,0.11032954428912983,2.0310798943554023,1e-12,0.001,1.3163847700345144,6.243412755486089e-09,1.5874084598178925e-13,1.633e-13,9.463338475982884e-16,9.779e-16
180.10798895766575,5799.477244436836,64.0,6.325376049791909,8.681907942291957e+24,9.341314036796791e+23,6.327,4.031e+24,9.486e+23,0.0023441996172800825,1.9880036100631664,1e-12,0.1,16.115224496451223,9.418039306990061e-09,1.2798793220356785e-13,1.278e-13,1.3702772281105347e-15,1.391e-15
180.10798895766575,5799.477244436836,64.0,6.985423378601638,7.917020261845983e+24,9.457706457703839e+23,7.008,5.038e+24,9.828e+23,0.009938633734036096,1.904107923865151,1e-12,0.01,9.111390404109631,8.128706265264094e-09,1.4650671455729213e-13,1.466e-13,1.3470639355572747e-15,1.398e-15
180.10798895766575,5799.477244436836,64.0,7.518494547042702,7.304601819693491e+24,8.493209500096382e+23,7.761,6.293e+24,8.573e+23,0.12315360796346711,2.0710131443273516,1e-12,0.001,3.197268750296785,9.137989620447971e-09,1.6303609082023986e-13,1.689e-13,1.1795511097291645e-15,1.268e-15
206.26199895221933,6641.636366261461,64.0,6.665609757060345,8.486422056778399e+24,8.928639032265884e+23,6.676,4.085e+24,9.105e+23,0.0012778333340984478,1.9831182349009444,1e-12,0.1,15.089884863769546,9.39085928546088e-09,1.345965997230852e-13,1.345e-13,1.692055971564689e-15,1.725e-15
206.26199895221933,6641.636366261461,64.0,7.307561880630084,7.756542082717305e+24,8.964667786402166e+23,7.347,5.057e+24,9.347e+23,0.016924145470453907,1.8983849586920933,1e-12,0.01,3.5108169190189638,5.773773056254893e-09,1.5282888441810253e-13,1.532e-13,1.6515045819908848e-15,1.719e-15
206.26199895221933,6641.636366261461,64.0,7.767523744062823,7.231626977646262e+24,8.170954137636585e+23,8.066,6.232e+24,8.225e+23,0.1336218591731145,2.100371567786528,1e-12,0.001,0.2579368277899451,5.988108207942806e-09,1.6736171371977287e-13,1.743e-13,1.4799457288565176e-15,1.632e-15
236.21390954381963,7606.087887310991,64.0,7.038287442844095,8.300956016970916e+24,8.535936143664139e+23,7.059,4.152e+24,8.746e+23,0.0006847389131512061,1.9777852217340983,1e-12,0.1,12.970570543642058,8.576818280725904e-09,1.4145683018536503e-13,1.416e-13,2.0871401989532985e-15,2.137e-15
236.21390954381963,7606.087887310991,64.0,7.652433269478345,7.611884650333108e+24,8.511083315470088e+23,7.711,5.085e+24,8.903e+23,0.025142555622643628,1.8944934765434513,1e-12,0.01,1.52719226395278,2.157276887091727e-09,1.591568466360595e-13,1.599e-13,2.0264880784788492e-15,2.114e-15
236.21390954381963,7606.087887310991,64.0,8.037038958919782,7.166857587239987e+24,7.8731891092036e+23,8.378,6.176e+24,7.947e+23,0.1382446053616733,2.1105402288444357,1e-12,0.001,0.16217650274961926,1.6377569299256742e-09,1.7165675412612635e-13,1.791e-13,1.8479494023491644e-15,2.078e-15
270.5152250313506,8710.590246009488,64.0,7.448172517111603,8.127845726410962e+24,8.163553876050036e+23,7.483,4.234e+24,8.409e+23,0.0024319959723232407,1.9721559541852007,1e-12,0.1,13.724307192893288,9.616557131844861e-09,1.485436271718207e-13,1.488e-13,2.572066971221457e-15,2.645e-15
270.5152250313506,8710.590246009488,64.0,8.024982750465341,7.484543619854468e+24,8.095717693933399e+23,8.106,5.124e+24,8.496e+23,0.03428348164380026,1.8927969058767036,1e-12,0.01,6.837638670412132,9.180782760850446e-09,1.6546739180534055e-13,1.666e-13,2.4886316296034152e-15,2.603e-15
270.5152250313506,8710.590246009488,64.0,8.325811418724072,7.109355653930485e+24,7.594279069012138e+23,8.723,6.148e+24,7.706e+23,0.1414695529552647,2.112116351693997,1e-12,0.001,0.13126961656366784,1.7136706556910607e-09,1.7598811268053592e-13,1.839e-13,2.2779261649385748e-15,2.63e-15
309.7975352725239,9975.480635775268,64.0,7.901095064143641,7.969846879593893e+24,7.811697201875525e+23,7.956,4.335e+24,8.095e+23,0.004986521206378827,1.966309825016688,1e-12,0.1,11.073592347119968,8.175879864726087e-09,1.5582418035027498e-13,1.563e-13,3.1664231162789432e-15,3.274e-15
309.7975352725239,9975.480635775268,64.0,8.432349857024072,7.376271842000284e+24,7.716302221486167e+23,8.539,5.177e+24,8.127e+23,0.04412476247103451,1.8932993756891492,1e-12,0.01,4.062179263557849,6.367844891830741e-09,1.71746725634343e-13,1.733e-13,3.0591596735500924e-15,3.207e-15
309.7975352725239,9975.480635775268,64.0,8.646185105541441,7.059827291715656e+24,7.333319004865485e+23,9.087,6.125e+24,7.51e+23,0.13836663298974483,2.096859185569954,1e-12,0.001,0.23985868193882187,4.1800765322555776e-09,1.805099801477499e-13,1.882e-13,2.790154249056146e-15,3.287e-15
354.7841451430618,11424.049473606587,64.0,8.404317193042623,7.830248758097994e+24,7.480316789686977e+23,8.485,4.458e+24,7.804e+23,0.008283453055214223,1.9603126528241495,1e-12,0.1,9.776421984357862,7.59012288422454e-09,1.6325816467031753e-13,1.64e-13,3.89436581019611e-15,4.049e-15
354.7841451430618,11424.049473606587,64.0,8.882400494693815,7.288978447452196e+24,7.370556009995372e+23,9.019,5.249e+24,7.793e+23,0.05414483835850732,1.8960953682349602,1e-12,0.01,0.7423532859946084,1.2103061158130227e-09,1.779829389465224e-13,1.799e-13,3.761662257312704e-15,3.956e-15
354.7841451430618,11424.049473606587,64.0,9.129990921563754,7.049143102061052e+24,7.050064136336348e+23,9.509,6.133e+24,7.328e+23,0.13401360798519305,2.0742515279520566,1e-12,0.001,0.19561824537819422,2.065072390537218e-09,1.852333849064573e-13,1.926e-13,3.706788979679263e-15,4.099e-15
406.30339274379867,13082.969246350316,64.0,8.96679152100641,7.712863142160651e+24,7.16908845010884e+23,9.081,4.607e+24,7.536e+23,0.012471967015773851,1.9543486994730541,1e-12,0.1,9.237057855145455,7.52698417484883e-09,1.707969217994441e-13,1.719e-13,4.784044318892424e-15,5.005e-15
406.30339274379867,13082.969246350316,64.0,9.388790992290463,7.225648367659489e+24,7.054416945381775e+23,9.56,5.342e+24,7.493e+23,0.0638116116824652,1.9008958415238686,1e-12,0.01,0.9815188649278953,6.418847662698628e-09,1.8418341826161509e-13,1.865e-13,4.630379133191756e-15,4.883e-15
406.30339274379867,13082.969246350316,64.0,9.734326188242518,7.054496206948847e+24,6.755375834220086e+23,9.968,6.147e+24,7.168e+23,0.1185949041829928,2.0295049270464127,1e-12,0.001,0.6751600100419246,1.3218395096250586e-09,1.9052291831023264e-13,1.967e-13,4.876300818113857e-15,5.047e-15
465.3039015837485,14982.7856309967,64.0,9.59961039516655,7.622259297712186e+24,6.877293662409586e+23,9.759,4.788e+24,7.29e+23,0.017666315139308133,1.948685782761054,1e-12,0.1,9.03767625155196,7.638384531717725e-09,1.7838508209909449e-13,1.798e-13,5.868494901371401e-15,6.182e-15
465.3039015837485,14982.7856309967,64.0,9.960700340620829,7.189425012317787e+24,6.765993003318511e+23,10.18,5.464e+24,7.226e+23,0.07237868974780495,1.9076056735019353,1e-12,0.01,3.351125806538455,6.162568443488717e-09,1.9032698923635955e-13,1.931e-13,5.691230244164758e-15,6.03e-15
465.3039015837485,14982.7856309967,64.0,9.984035174044447,7.01518876695731e+24,6.620962468980146e+23,10.52,6.201e+24,7.011e+23,0.12467531415897447,2.034530894492762,1e-12,0.001,0.18442754361961342,5.587306586613688e-10,1.9466003789311488e-13,2.012e-13,5.363563598963361e-15,6.226e-15
532.8720475774643,17158.47993199435,64.0,10.316806360646163,7.563533240482853e+24,6.603662433756611e+23,10.53,5.007e+24,7.065e+23,0.024042440388144803,1.9434299765943635,1e-12,0.1,8.55349019291039,7.444725561815787e-09,1.8596278190083745e-13,1.878e-13,7.188123567285426e-15,7.626e-15
532.8720475774643,17158.47993199435,64.0,10.620264132663202,7.184479830720155e+24,6.500248281456463e+23,10.89,5.621e+24,6.99e+23,0.07988102350782784,1.9150748434356426,1e-12,0.01,0.8216867355019004,1.872213989093825e-09,1.9642802968009284e-13,1.995e-13,6.9969823653727785e-15,7.445e-15
532.8720475774643,17158.47993199435,64.0,10.851356783199698,7.082690222085619e+24,6.342159306651828e+23,11.14,6.257e+24,6.857e+23,0.10628547582892431,1.992687249405573,1e-12,0.001,0.8016662937713445,6.276429863259071e-09,2.0054253279054326e-13,2.054e-13,7.149112176563471e-15,7.585e-15
610.2519624763811,19650.11319173947,64.0,11.134492075876366,7.542438040901261e+24,6.34668864063197e+23,11.43,5.272e+24,6.86e+23,0.03174531202623644,1.9390163310756339,1e-12,0.1,7.010897704330122,6.216568249094825e-09,1.9346243391652324e-13,1.957e-13,8.784592812461765e-15,9.393e-15
610.2519624763811,19650.11319173947,64.0,11.366079543012452,7.21225212526687e+24,6.25717477992602e+23,11.72,5.822e+24,6.781e+23,0.0872720877777196,1.9235847342283199,1e-12,0.01,2.7786475161575126,9.800216234788392e-09,2.0242996055394599e-13,2.059e-13,8.55223199700286e-15,9.187e-15
610.2519624763811,19650.11319173947,64.0,10.526277811309305,6.942700860121138e+24,6.302407669046897e+23,11.73,5.794e+24,6.38e+23,0.10217563606823878,2.093333860768825,1e-12,0.001,7082757.186391773,1.3826930568714062e-05,2.0389432747369125e-13,2.089e-13,6.6425999562673085e-15,8.948e-15
698.8684420571659,22503.56383424074,64.0,12.073356087712579,7.565482134967432e+24,6.104084823780126e+23,12.47,5.59e+24,6.673e+23,0.04103450641030358,1.9355697792590596,1e-12,0.1,8.43655211231945,7.549085518205356e-09,2.0081986080953595e-13,2.034e-13,1.0708497330925288e-14,1.154e-14
698.8684420571659,22503.56383424074,64.0,12.315705651834406,7.295689242218799e+24,6.0181130061602374e+23,12.7,5.726e+24,6.34e+23,0.051023819332762954,2.0031275402891286,1e-12,0.01,2.0292687893958488,7.1078593582897e-09,2.0848617559781805e-13,2.118e-13,1.0588903477953344e-14,1.139e-14
698.8684420571659,22503.56383424074,64.0,13.069268080367863,7.354953338304068e+24,5.853902981954672e+23,12.79,5.967e+24,6.183e+23,0.07893965545970613,2.0462329061978837,1e-12,0.001,516344.76408839587,2.4511410887768725e-06,2.1175004787065145e-13,2.152e-13,1.1833550774738345e-14,1.132e-14
800.3531808753728,25771.372424187,64.0,13.154834148021886,7.639278659019828e+24,5.873670561681146e+23,13.68,5.97e+24,6.5e+23,0.0518312861764728,1.9334960281088425,1e-12,0.1,7.8334629004095975,6.963484620897054e-09,2.079648321340932e-13,2.11e-13,1.3006520291386489e-14,1.414e-14
800.3531808753728,25771.372424187,64.0,13.457570834460878,7.434353541126175e+24,5.7885791437503084e+23,14.1,6.026e+24,6.078e+23,0.08289830568708223,2.0720741187719365,1e-12,0.01,2.878815114038925,6.633253083772798e-09,2.1448873043169247e-13,2.195e-13,1.3074252020652766e-14,1.452e-14
800.3531808753728,25771.372424187,64.0,14.2009285945296,7.51104263557297e+24,5.658641832945661e+23,14.15,6.208e+24,5.971e+23,0.10089997089571981,2.0989246370364087,1e-12,0.001,1.2662977324665803,4.2163822463441005e-09,2.1723038521986354e-13,2.219e-13,1.4278908760109413e-14,1.444e-14
916.5748166447189,29513.709095959945,64.0,14.415457538871195,7.772647138440049e+24,5.651520904420805e+23,15.1,6.422e+24,6.339e+23,0.06403321325815539,1.9325847522553052,1e-12,0.1,11.024983483274502,9.577406183216422e-09,2.1485458196409995e-13,2.183e-13,1.574721413220446e-14,1.725e-14
916.5748166447189,29513.709095959945,64.0,14.450183663688911,7.568020742877207e+24,5.606045602763143e+23,15.71,6.421e+24,5.87e+23,0.120945339910338,2.1399059672638607,1e-12,0.01,3.566501211085095,1.3278432726783851e-09,2.198338088772468e-13,2.264e-13,1.5410482476275244e-14,1.819e-14
916.5748166447189,29513.709095959945,64.0,14.521632754709,7.538928525168588e+24,5.570156116222105e+23,15.74,6.559e+24,5.797e+23,0.14683319573464074,2.1811960217654436,1e-12,0.001,0.934172025614595,2.926191217130266e-09,2.2109773909977628e-13,2.281e-13,1.5431044433429017e-14,1.81e-14
1049.6733374489054,33799.48146585475,64.0,15.8496851750839,7.966442444158181e+24,5.4388970873092095e+23,16.77,6.953e+24,6.186e+23,0.07852684092513962,1.9342873087473753,1e-12,0.1,9.753338592022871,8.056696414373148e-09,2.2138139201779187e-13,2.251e-13,1.8922606932178426e-14,2.095e-14
1049.6733374489054,33799.48146585475,64.0,15.907403618602228,7.809034125504036e+24,5.398472795540363e+23,17.64,6.909e+24,5.677e+23,0.15676784271317462,2.197894046191652,1e-12,0.01,3.9395163531974693,8.852619392284519e-09,2.254049775190452e-13,2.329e-13,1.8691133202479792e-14,2.261e-14
1049.6733374489054,33799.48146585475,64.0,16.19370445322283,7.832690601825686e+24,5.355131958895095e+23,17.65,7.011e+24,5.627e+23,0.172100248343714,2.218297242423016,1e-12,0.001,0.9589403945970458,2.61715056511254e-09,2.265487972603928e-13,2.34e-13,1.9093503863877028e-14,2.252e-14
1202.0994853257102,38707.60342748786,64.0,17.392960186249866,8.209503567804154e+24,5.239944451548788e+23,18.73,7.571e+24,6.036e+23,0.09698227885139368,1.9412018618418443,1e-12,0.1,5.829106984618476,2.544172681228086e-09,2.2743262251319384e-13,2.316e-13,2.2432094310005303e-14,2.528e-14
1202.0994853257102,38707.60342748786,64.0,18.196115903552577,8.225167141869514e+24,5.151007023974252e+23,19.95,7.498e+24,5.491e+23,0.18646926848344883,2.236417116500297,1e-12,0.01,1.6006806148945936,3.117215179297329e-09,2.3123049903320444e-13,2.389e-13,2.3434979667311413e-14,2.784e-14
1202.0994853257102,38707.60342748786,64.0,21.51166361949766,8.818295981560948e+24,4.9021868939061326e+23,19.95,7.57e+24,5.458e+23,0.14394502389932037,2.1558936468317587,1e-12,0.001,3.003821658749757,5.075414874985234e-09,2.343823084841941e-13,2.396e-13,2.854683833129995e-14,2.776e-14
1376.6598817612407,44328.44819271195,64.0,21.88327217845029,9.017836840172187e+24,4.858994858972184e+23,21.02,8.281e+24,5.886e+23,0.07125283596726294,1.883464489313747,1e-12,0.1,8.837319832610545,8.763980821284448e-09,2.351666924306088e-13,2.376e-13,3.035618631377983e-14,3.032e-14
1376.6598817612407,44328.44819271195,64.0,19.19993912641958,8.427690137572611e+24,5.016926778536395e+23,23.04,8.237e+24,5.263e+23,0.2706243666501076,2.3749430483464886,1e-12,0.01,4.379012997256761,7.089879900003936e-09,2.3556117631370915e-13,2.449e-13,2.6318788342379913e-14,3.471e-14
1376.6598817612407,44328.44819271195,64.0,22.573722838886436,9.036066444067326e+24,4.799863634239555e+23,23.03,8.285e+24,5.243e+23,0.22300921115701278,2.283911973135007,1e-12,0.001,1.0768875724297995,1.3075823676704722e-09,2.381848302566948e-13,2.454e-13,3.115376826923359e-14,3.465e-14
1576.5687059897286,50765.51233286925,64.0,18.88698823656538,8.471142837095216e+24,4.9536397933215356e+23,23.71,9.089e+24,5.733e+23,0.16369198835915438,1.9820050634725312,1e-12,0.1,30022382.048707593,0.0003511588637484573,2.374796238609825e-13,2.431e-13,2.8691516848426063e-14,3.609e-14
1576.5687059897286,50765.51233286925,64.0,22.313314643324812,9.04236751660755e+24,4.767283435090855e+23,26.58,9.082e+24,5.056e+23,0.32114322932763256,2.439646932633633,1e-12,0.01,3.4203923471465254,4.234606181918988e-09,2.408701734233475e-13,2.502e-13,3.2422625674656354e-14,4.234e-14
1576.5687059897286,50765.51233286925,64.0,22.890409711098926,9.141708073334372e+24,4.733415672314845e+23,26.58,9.114e+24,5.044e+23,0.32068503572839546,2.4299931420010368,1e-12,0.001,6.538397839118221,5.75695658720219e-09,2.414496190952483e-13,2.505e-13,3.3132592377408015e-14,4.229e-14
1805.5068776509959,58137.32146036206,64.0,21.761526850374743,8.935477766722187e+24,4.734587835422312e+23,26.84,9.998e+24,5.575e+23,0.17563512350624322,1.989838746930586,1e-12,0.1,4.6303853715539205,7.881851456077824e-09,2.429156288126392e-13,2.482e-13,3.5004502929678004e-14,4.265e-14
1805.5068776509959,58137.32146036206,64.0,26.739052763214417,9.960442455202336e+24,4.496602921345039e+23,31.14,1.01e+25,4.82e+23,0.389707324259172,2.532847856012539,1e-12,0.01,8.98018051818168,8.77358486314687e-09,2.4596397209305147e-13,2.554e-13,3.975983424941251e-14,5.171e-14
1805.5068776509959,58137.32146036206,64.0,29.498927519750275,1.053317028883027e+25,4.410494091038675e+23,31.13,1.012e+25,4.813e+23,0.36326857054530987,2.477626423753824,1e-12,0.001,2.739172543868747,2.6186476644788986e-09,2.470495133650609e-13,2.555e-13,4.2468784933495894e-14,5.168e-14
2067.689833535416,66579.61263984039,64.0,-35.04656891251638,-9.473950784521037e+24,5.664630637324873e+23,30.49,1.101e+25,5.411e+23,0.61536204117119,2.5476467075264955,1e-12,0.1,0.9999999999720661,3.936512021045114e-10,2.361529292875448e-13,2.528e-13,1.4725522812767548e-15,5.002e-14
2067.689833535416,66579.61263984039,64.0,25.77251940083441,9.433119316720765e+24,4.3618919250272944e+23,37.56,1.14e+25,4.526e+23,0.5775823042037693,2.8428459057078856,1e-12,0.01,804523.9810661093,9.31376852200893e-07,2.492884452532033e-13,2.609e-13,4.3113399460864164e-14,6.417e-14
2067.689833535416,66579.61263984039,64.0,39.874430269996395,1.2939325727716428e+25,3.493642398518326e+23,37.55,1.141e+25,4.523e+23,0.4460267210530459,2.600312311575283,1e-12,0.001,4543208.493830052,5.651717270964597e-07,2.5226003450761734e-13,2.61e-13,5.344771841355875e-14,6.415e-14
2367.9451463890464,76247.83371372728,64.0,12.708227726986811,1.1475420231235526e+24,4.706118023706879e+23,34.72,1.214e+25,5.242e+23,0.22278337227971812,2.0100342123562505,1e-12,0.1,346121.78988107917,3.234232761423495e-08,2.525606751589568e-13,2.571e-13,4.786534816183132e-14,5.823e-14
2367.9451463890464,76247.83371372728,64.0,262.19774700139595,1.8322776108774426e+26,8.72295166248193e+23,50.11,1.36e+25,4.061e+23,1.5125970451967166,5.0460311424413655,1e-12,0.01,0.9999999999618967,1.079012597064481e-09,2.314776212562e-13,2.686e-13,2.171295636930035e-15,8.626e-14
2367.9451463890464,76247.83371372728,64.0,98.81727793841411,4.907085964252747e+25,3.0062978918432614e+23,50.11,1.361e+25,4.06e+23,0.7952366982822804,3.260112601904626,1e-12,0.001,3614392.247474203,1.3418642240479264e-06,2.5332444398942685e-13,2.686e-13,5.701081131561527e-14,8.626e-14
2711.8014149733935,87320.00556214325,64.0,-128.406362020278,-9.452447418867772e+25,1.0092678191994685e+24,98.57,2.092e+25,3.181e+23,3.598104460233434,10.688228066604898,1e-12,0.1,50180940.07982768,1.3647454120315413e-05,2.6119310569425206e-13,2.84e-13,5.641287855345656e-14,1.54e-13
2711.8014149733935,87320.00556214325,64.0,3121.8517436024026,2.3466313875825603e+27,2.1594052449627615e+22,98.59,2.093e+25,3.181e+23,1.142398814457656,0.9202557952703716,1e-12,0.01,0.9999999999922493,4.996247399806428e-09,1.5399810798856067e-13,2.841e-13,4.3995833331370486e-17,1.54e-13
2711.8014149733935,87320.00556214325,64.0,4307.16248606806,3.818225502485724e+27,-6.063136057920527e+24,39.6,1.346e+25,5.063e+23,0.9514448232711387,1.037419296082625,1e-12,0.001,12006844.131157013,8.57500643304619e-05,1.3923660514625675e-13,2.613e-13,3.2949360241342498e-15,6.725e-14
3105.5900621118017,100000.0,64.0,3345.350110298501,3.3733495952726346e+27,-3.4180198572660043e+24,45.27,1.476e+25,4.892e+23,0.4493059648778636,1.4364072539176826,1e-12,0.1,19.795418486764405,9.49497548600441e-09,1.8316807642890702e-13,2.649e-13,3.094918671776913e-14,7.729e-14
3105.5900621118017,100000.0,64.0,2220.992999900568,1.7702399665478106e+27,-2.83742627099077e+24,137.0,2.671e+25,2.923e+23,1.1842683454796075,4.633858736662258,1e-12,0.01,21978313.20419078,3.1416509841261927e-05,1.9084835169370862e-13,2.894e-13,2.8379117807059692e-14,1.954e-13
3105.5900621118017,100000.0,64.0,6003.549358436677,6.10023933340398e+27,-6.789672679529847e+24,45.26,1.482e+25,4.889e+23,0.9595489194896384,1.0321611264423898,1e-12,0.001,2491756.5493517164,1.538666508755094e-05,1.2157602036671113e-13,2.65e-13,2.3828747893320095e-15,7.726e-14
